VALUES,ACTIONS,ARGUMENTS,DIALOGUE SUCCESS,CONSENSUS SUCCESS,DS0,DS1,DS2,DS3,DSCORE,CS0,CS1,CS2,CS3,CSCORE
2,2,2,224.0,0.552,0.112,0.0,0.06,0.492,0.552,444.0,0.0,0.0,0.112,0.112
2,2,4,214.0,0.572,0.204,0.006,0.09,0.476,0.572,398.0,0.002,0.03,0.172,0.204
2,2,6,262.0,0.476,0.192,0.01,0.11,0.356,0.476,404.0,0.006,0.054,0.132,0.192
2,2,8,314.0,0.372,0.184,0.01,0.098,0.264,0.372,408.0,0.004,0.044,0.136,0.184
2,4,2,198.0,0.604,0.064,0.0,0.026,0.578,0.604,468.0,0.0,0.0,0.064,0.064
2,4,4,138.0,0.724,0.136,0.0,0.092,0.632,0.724,432.0,0.0,0.008,0.128,0.136
2,4,6,144.0,0.712,0.154,0.008,0.14,0.564,0.712,423.0,0.0,0.024,0.13,0.154
2,4,8,149.0,0.702,0.238,0.002,0.136,0.564,0.702,381.0,0.002,0.036,0.2,0.238
2,4,10,181.0,0.638,0.244,0.008,0.14,0.49,0.638,378.0,0.0,0.054,0.19,0.244
2,4,12,157.0,0.686,0.292,0.036,0.174,0.476,0.686,354.0,0.016,0.08,0.196,0.292
2,4,14,181.0,0.638,0.262,0.046,0.128,0.464,0.638,369.0,0.02,0.044,0.198,0.262
2,4,16,186.0,0.628,0.294,0.03,0.148,0.45,0.628,353.0,0.014,0.068,0.212,0.294
2,6,2,173.0,0.654,0.044,0.0,0.04,0.614,0.654,478.0,0.0,0.0,0.044,0.044
2,6,4,133.0,0.734,0.098,0.0,0.114,0.62,0.734,451.0,0.0,0.006,0.092,0.098
2,6,6,80.0,0.84,0.184,0.004,0.19,0.646,0.84,408.0,0.0,0.038,0.146,0.184
2,6,8,102.0,0.796,0.202,0.006,0.168,0.622,0.796,399.0,0.0,0.026,0.176,0.202
2,6,10,88.0,0.824,0.232,0.014,0.19,0.62,0.824,384.0,0.002,0.042,0.188,0.232
2,6,12,97.0,0.806,0.264,0.022,0.184,0.6,0.806,368.0,0.004,0.04,0.22,0.264
2,6,14,107.0,0.786,0.32,0.02,0.176,0.59,0.786,340.0,0.012,0.062,0.246,0.32
2,6,16,104.0,0.792,0.306,0.02,0.174,0.598,0.792,347.0,0.012,0.06,0.234,0.306
2,6,18,118.0,0.764,0.324,0.036,0.196,0.532,0.764,338.0,0.016,0.092,0.216,0.324
2,6,20,118.0,0.764,0.316,0.026,0.18,0.558,0.764,342.0,0.016,0.068,0.232,0.316
2,6,22,137.0,0.726,0.302,0.026,0.198,0.502,0.726,349.0,0.014,0.088,0.2,0.302
2,6,24,129.0,0.742,0.396,0.032,0.18,0.53,0.742,302.0,0.03,0.108,0.258,0.396
2,8,2,163.0,0.674,0.03,0.0,0.032,0.642,0.674,485.0,0.0,0.0,0.03,0.03
2,8,4,89.0,0.822,0.08,0.0,0.144,0.678,0.822,460.0,0.0,0.006,0.074,0.08
2,8,6,97.0,0.806,0.128,0.0,0.128,0.678,0.806,436.0,0.0,0.01,0.118,0.128
2,8,8,90.0,0.82,0.192,0.006,0.164,0.65,0.82,404.0,0.0,0.022,0.17,0.192
2,8,10,76.0,0.848,0.214,0.004,0.196,0.648,0.848,393.0,0.0,0.036,0.178,0.214
2,8,12,90.0,0.82,0.194,0.012,0.184,0.624,0.82,403.0,0.0,0.034,0.16,0.194
2,8,14,89.0,0.822,0.246,0.012,0.174,0.636,0.822,377.0,0.0,0.068,0.178,0.246
2,8,16,80.0,0.84,0.32,0.014,0.18,0.646,0.84,340.0,0.006,0.052,0.262,0.32
2,8,18,86.0,0.828,0.326,0.002,0.194,0.632,0.828,337.0,0.0,0.084,0.242,0.326
2,8,20,85.0,0.83,0.356,0.012,0.192,0.626,0.83,322.0,0.006,0.074,0.276,0.356
2,8,22,77.0,0.846,0.376,0.026,0.188,0.632,0.846,312.0,0.014,0.09,0.272,0.376
2,8,24,100.0,0.8,0.376,0.024,0.22,0.556,0.8,312.0,0.014,0.126,0.236,0.376
2,8,26,81.0,0.838,0.394,0.036,0.196,0.606,0.838,303.0,0.02,0.094,0.28,0.394
2,8,28,84.0,0.832,0.398,0.016,0.198,0.618,0.832,301.0,0.014,0.094,0.29,0.398
2,8,30,91.0,0.818,0.45,0.048,0.22,0.55,0.818,275.0,0.044,0.132,0.274,0.45
2,8,32,104.0,0.792,0.376,0.048,0.192,0.552,0.792,312.0,0.038,0.11,0.228,0.376
2,10,2,167.0,0.666,0.018,0.0,0.042,0.624,0.666,491.0,0.0,0.0,0.018,0.018
2,10,4,100.0,0.8,0.072,0.002,0.124,0.674,0.8,464.0,0.0,0.006,0.066,0.072
2,10,6,106.0,0.788,0.126,0.0,0.148,0.64,0.788,437.0,0.0,0.004,0.122,0.126
2,10,8,89.0,0.822,0.162,0.004,0.168,0.65,0.822,419.0,0.002,0.014,0.146,0.162
2,10,10,77.0,0.846,0.178,0.006,0.182,0.658,0.846,411.0,0.002,0.02,0.156,0.178
2,10,12,77.0,0.846,0.226,0.008,0.164,0.674,0.846,387.0,0.0,0.032,0.194,0.226
2,10,14,71.0,0.858,0.22,0.012,0.168,0.678,0.858,390.0,0.002,0.028,0.19,0.22
2,10,16,79.0,0.842,0.258,0.004,0.164,0.674,0.842,371.0,0.004,0.044,0.21,0.258
2,10,18,81.0,0.838,0.322,0.012,0.152,0.674,0.838,339.0,0.004,0.052,0.266,0.322
2,10,20,63.0,0.874,0.35,0.008,0.184,0.682,0.874,325.0,0.006,0.076,0.268,0.35
2,10,22,76.0,0.848,0.334,0.018,0.184,0.646,0.848,333.0,0.008,0.068,0.258,0.334
2,10,24,85.0,0.83,0.368,0.014,0.206,0.61,0.83,316.0,0.002,0.082,0.284,0.368
2,10,26,81.0,0.838,0.338,0.016,0.198,0.624,0.838,331.0,0.024,0.068,0.246,0.338
2,10,28,69.0,0.862,0.418,0.016,0.192,0.654,0.862,291.0,0.006,0.088,0.324,0.418
2,10,30,64.0,0.872,0.426,0.028,0.204,0.64,0.872,287.0,0.016,0.102,0.308,0.426
2,10,32,52.0,0.896,0.452,0.028,0.208,0.66,0.896,274.0,0.016,0.114,0.322,0.452
2,10,34,69.0,0.862,0.444,0.022,0.226,0.614,0.862,278.0,0.02,0.122,0.302,0.444
2,10,36,63.0,0.874,0.482,0.042,0.208,0.624,0.874,259.0,0.022,0.13,0.33,0.482
2,10,38,65.0,0.87,0.444,0.048,0.204,0.618,0.87,278.0,0.04,0.126,0.278,0.444
2,10,40,82.0,0.836,0.466,0.038,0.216,0.582,0.836,267.0,0.042,0.13,0.294,0.466
4,2,2,216.0,0.568,0.116,0.0,0.066,0.502,0.568,442.0,0.0,0.0,0.116,0.116
4,2,4,212.0,0.576,0.2,0.016,0.142,0.418,0.576,400.0,0.002,0.032,0.166,0.2
4,2,6,238.0,0.524,0.208,0.024,0.14,0.36,0.524,396.0,0.008,0.046,0.154,0.208
4,2,8,260.0,0.48,0.222,0.03,0.166,0.284,0.48,389.0,0.018,0.056,0.148,0.222
4,2,10,267.0,0.466,0.248,0.032,0.156,0.278,0.466,376.0,0.016,0.076,0.156,0.248
4,2,12,295.0,0.41,0.212,0.024,0.156,0.23,0.41,394.0,0.014,0.08,0.118,0.212
4,2,14,301.0,0.398,0.23,0.066,0.14,0.192,0.398,385.0,0.048,0.074,0.108,0.23
4,2,16,316.0,0.368,0.196,0.046,0.132,0.19,0.368,402.0,0.038,0.076,0.082,0.196
4,4,2,177.0,0.646,0.068,0.0,0.068,0.578,0.646,466.0,0.0,0.0,0.068,0.068
4,4,4,145.0,0.71,0.12,0.01,0.156,0.544,0.71,440.0,0.0,0.014,0.106,0.12
4,4,6,165.0,0.67,0.158,0.014,0.202,0.454,0.67,421.0,0.002,0.032,0.124,0.158
4,4,8,149.0,0.702,0.236,0.016,0.256,0.43,0.702,382.0,0.006,0.076,0.154,0.236
4,4,10,159.0,0.682,0.222,0.032,0.224,0.426,0.682,389.0,0.004,0.064,0.154,0.222
4,4,12,159.0,0.682,0.254,0.03,0.226,0.426,0.682,373.0,0.016,0.082,0.156,0.254
4,4,14,168.0,0.664,0.252,0.034,0.2,0.43,0.664,374.0,0.016,0.092,0.144,0.252
4,4,16,165.0,0.67,0.26,0.044,0.254,0.372,0.67,370.0,0.016,0.072,0.172,0.26
4,4,18,191.0,0.618,0.232,0.036,0.246,0.336,0.618,384.0,0.014,0.088,0.13,0.232
4,4,20,191.0,0.618,0.286,0.044,0.188,0.386,0.618,357.0,0.024,0.084,0.178,0.286
4,4,22,179.0,0.642,0.294,0.028,0.206,0.408,0.642,353.0,0.006,0.106,0.182,0.294
4,4,24,201.0,0.598,0.292,0.038,0.202,0.358,0.598,354.0,0.026,0.094,0.172,0.292
4,4,26,202.0,0.596,0.292,0.046,0.242,0.308,0.596,354.0,0.016,0.128,0.148,0.292
4,4,28,207.0,0.586,0.308,0.066,0.216,0.304,0.586,346.0,0.044,0.122,0.142,0.308
4,4,30,224.0,0.552,0.26,0.072,0.188,0.292,0.552,370.0,0.038,0.094,0.128,0.26
4,4,32,215.0,0.57,0.262,0.052,0.246,0.272,0.57,369.0,0.034,0.126,0.102,0.262
4,6,2,172.0,0.656,0.054,0.0,0.058,0.598,0.656,473.0,0.0,0.0,0.054,0.054
4,6,4,121.0,0.758,0.104,0.008,0.172,0.578,0.758,448.0,0.0,0.012,0.092,0.104
4,6,6,135.0,0.73,0.136,0.016,0.214,0.5,0.73,432.0,0.002,0.03,0.104,0.136
4,6,8,130.0,0.74,0.164,0.024,0.254,0.462,0.74,418.0,0.002,0.036,0.126,0.164
4,6,10,132.0,0.736,0.204,0.038,0.278,0.42,0.736,398.0,0.006,0.058,0.14,0.204
4,6,12,147.0,0.706,0.202,0.026,0.254,0.426,0.706,399.0,0.008,0.066,0.128,0.202
4,6,14,148.0,0.704,0.228,0.016,0.258,0.43,0.704,386.0,0.008,0.082,0.138,0.228
4,6,16,138.0,0.724,0.242,0.03,0.278,0.416,0.724,379.0,0.006,0.078,0.158,0.242
4,6,18,146.0,0.708,0.272,0.024,0.23,0.454,0.708,364.0,0.008,0.08,0.184,0.272
4,6,20,155.0,0.69,0.246,0.032,0.246,0.412,0.69,377.0,0.024,0.074,0.148,0.246
4,6,22,150.0,0.7,0.276,0.032,0.242,0.426,0.7,362.0,0.008,0.088,0.18,0.276
4,6,24,144.0,0.712,0.266,0.018,0.254,0.44,0.712,367.0,0.01,0.068,0.188,0.266
4,6,26,143.0,0.714,0.31,0.046,0.226,0.442,0.714,345.0,0.024,0.092,0.194,0.31
4,6,28,162.0,0.676,0.272,0.028,0.212,0.436,0.676,364.0,0.014,0.082,0.176,0.272
4,6,30,161.0,0.678,0.31,0.04,0.234,0.404,0.678,345.0,0.018,0.116,0.176,0.31
4,6,32,160.0,0.68,0.298,0.042,0.224,0.414,0.68,351.0,0.02,0.114,0.164,0.298
4,6,34,172.0,0.656,0.3,0.048,0.208,0.4,0.656,350.0,0.028,0.108,0.164,0.3
4,6,36,150.0,0.7,0.326,0.056,0.238,0.406,0.7,337.0,0.032,0.11,0.184,0.326
4,6,38,146.0,0.708,0.354,0.034,0.28,0.394,0.708,323.0,0.016,0.138,0.2,0.354
4,6,40,160.0,0.68,0.352,0.056,0.254,0.37,0.68,324.0,0.04,0.136,0.176,0.352
4,6,42,165.0,0.67,0.324,0.066,0.236,0.368,0.67,338.0,0.048,0.116,0.16,0.324
4,6,44,178.0,0.644,0.31,0.062,0.242,0.34,0.644,345.0,0.038,0.134,0.138,0.31
4,6,46,163.0,0.674,0.346,0.058,0.236,0.38,0.674,327.0,0.046,0.136,0.164,0.346
4,6,48,169.0,0.662,0.31,0.074,0.25,0.338,0.662,345.0,0.034,0.122,0.154,0.31
4,8,2,158.0,0.684,0.024,0.0,0.05,0.634,0.684,488.0,0.0,0.0,0.024,0.024
4,8,4,125.0,0.75,0.054,0.008,0.164,0.578,0.75,473.0,0.0,0.006,0.048,0.054
4,8,6,109.0,0.782,0.118,0.018,0.268,0.496,0.782,441.0,0.002,0.024,0.092,0.118
4,8,8,144.0,0.712,0.13,0.018,0.246,0.448,0.712,435.0,0.0,0.048,0.082,0.13
4,8,10,139.0,0.722,0.14,0.022,0.246,0.454,0.722,430.0,0.006,0.034,0.1,0.14
4,8,12,138.0,0.724,0.202,0.024,0.238,0.462,0.724,399.0,0.0,0.052,0.15,0.202
4,8,14,135.0,0.73,0.184,0.026,0.238,0.466,0.73,408.0,0.004,0.05,0.13,0.184
4,8,16,165.0,0.67,0.156,0.024,0.2,0.446,0.67,422.0,0.004,0.04,0.112,0.156
4,8,18,136.0,0.728,0.222,0.032,0.274,0.422,0.728,389.0,0.01,0.076,0.136,0.222
4,8,20,162.0,0.676,0.2,0.014,0.218,0.444,0.676,400.0,0.008,0.062,0.13,0.2
4,8,22,147.0,0.706,0.256,0.02,0.192,0.494,0.706,372.0,0.008,0.072,0.176,0.256
4,8,24,135.0,0.73,0.24,0.024,0.238,0.468,0.73,380.0,0.014,0.066,0.16,0.24
4,8,26,164.0,0.672,0.236,0.034,0.218,0.42,0.672,382.0,0.006,0.07,0.16,0.236
4,8,28,135.0,0.73,0.28,0.018,0.248,0.464,0.73,360.0,0.01,0.09,0.18,0.28
4,8,30,114.0,0.772,0.34,0.02,0.252,0.5,0.772,330.0,0.014,0.108,0.218,0.34
4,8,32,132.0,0.736,0.338,0.042,0.232,0.462,0.736,331.0,0.02,0.092,0.226,0.338
4,8,34,135.0,0.73,0.268,0.03,0.25,0.45,0.73,366.0,0.02,0.09,0.158,0.268
4,8,36,119.0,0.762,0.338,0.04,0.262,0.46,0.762,331.0,0.03,0.102,0.206,0.338
4,8,38,115.0,0.77,0.35,0.04,0.246,0.484,0.77,325.0,0.016,0.14,0.194,0.35
4,8,40,137.0,0.726,0.344,0.03,0.248,0.448,0.726,328.0,0.018,0.142,0.184,0.344
4,8,42,125.0,0.75,0.34,0.05,0.262,0.438,0.75,330.0,0.03,0.136,0.174,0.34
4,8,44,130.0,0.74,0.346,0.052,0.23,0.458,0.74,327.0,0.024,0.126,0.196,0.346
4,8,46,144.0,0.712,0.292,0.05,0.26,0.402,0.712,354.0,0.028,0.112,0.152,0.292
4,8,48,142.0,0.716,0.32,0.048,0.272,0.396,0.716,340.0,0.028,0.114,0.178,0.32
4,8,50,133.0,0.734,0.352,0.066,0.268,0.4,0.734,324.0,0.04,0.138,0.174,0.352
4,8,52,120.0,0.76,0.388,0.064,0.212,0.484,0.76,306.0,0.044,0.108,0.236,0.388
4,8,54,123.0,0.754,0.416,0.062,0.24,0.452,0.754,292.0,0.056,0.114,0.246,0.416
4,8,56,107.0,0.786,0.386,0.052,0.278,0.456,0.786,307.0,0.044,0.142,0.2,0.386
4,8,58,114.0,0.772,0.428,0.088,0.26,0.424,0.772,286.0,0.054,0.168,0.206,0.428
4,8,60,134.0,0.732,0.378,0.052,0.242,0.438,0.732,311.0,0.04,0.122,0.216,0.378
4,8,62,101.0,0.798,0.446,0.05,0.302,0.446,0.798,277.0,0.038,0.162,0.246,0.446
4,8,64,127.0,0.746,0.4,0.08,0.278,0.388,0.746,300.0,0.062,0.152,0.186,0.4
4,10,2,150.0,0.7,0.016,0.0,0.038,0.662,0.7,492.0,0.0,0.0,0.016,0.016
4,10,4,127.0,0.746,0.06,0.004,0.16,0.582,0.746,470.0,0.0,0.006,0.054,0.06
4,10,6,119.0,0.762,0.084,0.018,0.202,0.542,0.762,458.0,0.002,0.018,0.064,0.084
4,10,8,134.0,0.732,0.104,0.012,0.266,0.454,0.732,448.0,0.004,0.032,0.068,0.104
4,10,10,136.0,0.728,0.13,0.026,0.26,0.442,0.728,435.0,0.002,0.044,0.084,0.13
4,10,12,152.0,0.696,0.17,0.016,0.248,0.432,0.696,415.0,0.006,0.048,0.116,0.17
4,10,14,149.0,0.702,0.174,0.018,0.256,0.428,0.702,413.0,0.002,0.06,0.112,0.174
4,10,16,147.0,0.706,0.186,0.03,0.206,0.47,0.706,407.0,0.006,0.046,0.134,0.186
4,10,18,160.0,0.68,0.152,0.02,0.212,0.448,0.68,424.0,0.002,0.036,0.114,0.152
4,10,20,162.0,0.676,0.188,0.028,0.242,0.406,0.676,406.0,0.004,0.072,0.112,0.188
4,10,22,134.0,0.732,0.208,0.034,0.228,0.47,0.732,396.0,0.008,0.056,0.144,0.208
4,10,24,143.0,0.714,0.224,0.026,0.23,0.458,0.714,388.0,0.008,0.05,0.166,0.224
4,10,26,131.0,0.738,0.23,0.022,0.24,0.476,0.738,385.0,0.004,0.074,0.152,0.23
4,10,28,148.0,0.704,0.236,0.02,0.2,0.484,0.704,382.0,0.008,0.058,0.17,0.236
4,10,30,143.0,0.714,0.252,0.02,0.26,0.434,0.714,374.0,0.004,0.08,0.168,0.252
4,10,32,141.0,0.718,0.262,0.02,0.224,0.474,0.718,369.0,0.008,0.066,0.188,0.262
4,10,34,123.0,0.754,0.288,0.038,0.198,0.518,0.754,356.0,0.022,0.088,0.178,0.288
4,10,36,135.0,0.73,0.306,0.022,0.246,0.462,0.73,347.0,0.012,0.104,0.19,0.306
4,10,38,122.0,0.756,0.326,0.034,0.238,0.484,0.756,337.0,0.028,0.098,0.2,0.326
4,10,40,102.0,0.796,0.352,0.024,0.228,0.544,0.796,324.0,0.02,0.094,0.238,0.352
4,10,42,107.0,0.786,0.352,0.034,0.202,0.55,0.786,324.0,0.028,0.102,0.222,0.352
4,10,44,92.0,0.816,0.362,0.024,0.254,0.538,0.816,319.0,0.008,0.128,0.226,0.362
4,10,46,115.0,0.77,0.33,0.032,0.266,0.472,0.77,335.0,0.016,0.126,0.188,0.33
4,10,48,99.0,0.802,0.348,0.03,0.234,0.538,0.802,326.0,0.02,0.104,0.224,0.348
4,10,50,110.0,0.78,0.374,0.032,0.25,0.498,0.78,313.0,0.01,0.124,0.24,0.374
4,10,52,113.0,0.774,0.388,0.046,0.28,0.448,0.774,306.0,0.032,0.15,0.206,0.388
4,10,54,102.0,0.796,0.398,0.038,0.256,0.502,0.796,301.0,0.03,0.134,0.234,0.398
4,10,56,108.0,0.784,0.404,0.034,0.258,0.492,0.784,298.0,0.042,0.142,0.22,0.404
4,10,58,104.0,0.792,0.414,0.038,0.252,0.502,0.792,293.0,0.022,0.14,0.252,0.414
4,10,60,109.0,0.782,0.412,0.042,0.236,0.504,0.782,294.0,0.032,0.134,0.246,0.412
4,10,62,112.0,0.776,0.384,0.05,0.236,0.49,0.776,308.0,0.036,0.142,0.206,0.384
4,10,64,89.0,0.822,0.456,0.07,0.274,0.478,0.822,272.0,0.05,0.162,0.244,0.456
4,10,66,95.0,0.81,0.46,0.078,0.254,0.478,0.81,270.0,0.048,0.162,0.25,0.46
4,10,68,100.0,0.8,0.454,0.064,0.244,0.492,0.8,273.0,0.028,0.158,0.268,0.454
4,10,70,118.0,0.764,0.458,0.076,0.266,0.422,0.764,271.0,0.05,0.164,0.244,0.458
4,10,72,110.0,0.78,0.426,0.064,0.268,0.448,0.78,287.0,0.052,0.16,0.214,0.426
4,10,74,92.0,0.816,0.49,0.06,0.29,0.466,0.816,255.0,0.04,0.22,0.23,0.49
4,10,76,93.0,0.814,0.414,0.09,0.27,0.454,0.814,293.0,0.064,0.17,0.18,0.414
4,10,78,105.0,0.79,0.476,0.124,0.25,0.416,0.79,262.0,0.104,0.156,0.216,0.476
4,10,80,104.0,0.792,0.472,0.076,0.288,0.428,0.792,264.0,0.062,0.19,0.22,0.472
6,2,2,191.0,0.618,0.126,0.0,0.078,0.54,0.618,437.0,0.0,0.0,0.126,0.126
6,2,4,201.0,0.598,0.204,0.018,0.158,0.422,0.598,398.0,0.004,0.028,0.172,0.204
6,2,6,227.0,0.546,0.196,0.014,0.2,0.332,0.546,402.0,0.002,0.058,0.136,0.196
6,2,8,256.0,0.488,0.186,0.02,0.178,0.29,0.488,407.0,0.006,0.07,0.11,0.186
6,2,10,239.0,0.522,0.228,0.034,0.198,0.29,0.522,386.0,0.012,0.08,0.136,0.228
6,2,12,262.0,0.476,0.242,0.026,0.184,0.266,0.476,379.0,0.006,0.094,0.142,0.242
6,2,14,271.0,0.458,0.222,0.026,0.186,0.246,0.458,389.0,0.006,0.084,0.132,0.222
6,2,16,302.0,0.396,0.228,0.024,0.16,0.212,0.396,386.0,0.012,0.098,0.118,0.228
6,2,18,296.0,0.408,0.214,0.034,0.16,0.214,0.408,393.0,0.02,0.094,0.1,0.214
6,2,20,288.0,0.424,0.22,0.03,0.188,0.206,0.424,390.0,0.014,0.11,0.096,0.22
6,2,22,311.0,0.378,0.25,0.022,0.182,0.174,0.378,375.0,0.012,0.134,0.104,0.25
6,2,24,317.0,0.366,0.214,0.052,0.138,0.176,0.366,393.0,0.03,0.084,0.1,0.214
6,4,2,179.0,0.642,0.064,0.0,0.054,0.588,0.642,468.0,0.0,0.0,0.064,0.064
6,4,4,134.0,0.732,0.146,0.016,0.168,0.548,0.732,427.0,0.002,0.028,0.116,0.146
6,4,6,139.0,0.722,0.18,0.014,0.238,0.47,0.722,410.0,0.006,0.052,0.122,0.18
6,4,8,182.0,0.636,0.162,0.03,0.206,0.4,0.636,419.0,0.006,0.044,0.112,0.162
6,4,10,153.0,0.694,0.226,0.04,0.292,0.362,0.694,387.0,0.01,0.078,0.138,0.226
6,4,12,166.0,0.668,0.222,0.036,0.254,0.378,0.668,389.0,0.002,0.086,0.134,0.222
6,4,14,189.0,0.622,0.224,0.018,0.272,0.332,0.622,388.0,0.008,0.066,0.15,0.224
6,4,16,184.0,0.632,0.21,0.03,0.23,0.372,0.632,395.0,0.006,0.074,0.13,0.21
6,4,18,195.0,0.61,0.25,0.044,0.242,0.324,0.61,375.0,0.014,0.092,0.144,0.25
6,4,20,195.0,0.61,0.236,0.038,0.254,0.318,0.61,382.0,0.016,0.092,0.128,0.236
6,4,22,184.0,0.632,0.226,0.048,0.238,0.346,0.632,387.0,0.014,0.082,0.13,0.226
6,4,24,193.0,0.614,0.26,0.048,0.228,0.338,0.614,370.0,0.022,0.108,0.13,0.26
6,4,26,212.0,0.576,0.238,0.034,0.216,0.326,0.576,381.0,0.014,0.076,0.148,0.238
6,4,28,213.0,0.574,0.262,0.034,0.216,0.324,0.574,369.0,0.016,0.09,0.156,0.262
6,4,30,202.0,0.596,0.284,0.058,0.248,0.29,0.596,358.0,0.032,0.124,0.128,0.284
6,4,32,194.0,0.612,0.298,0.046,0.246,0.32,0.612,351.0,0.022,0.124,0.152,0.298
6,4,34,214.0,0.572,0.276,0.05,0.24,0.282,0.572,362.0,0.016,0.128,0.132,0.276
6,4,36,203.0,0.594,0.31,0.064,0.214,0.316,0.594,345.0,0.04,0.114,0.156,0.31
6,4,38,226.0,0.548,0.276,0.038,0.206,0.304,0.548,362.0,0.022,0.112,0.142,0.276
6,4,40,234.0,0.532,0.266,0.064,0.192,0.276,0.532,367.0,0.028,0.092,0.146,0.266
6,4,42,201.0,0.598,0.288,0.074,0.242,0.282,0.598,356.0,0.044,0.106,0.138,0.288
6,4,44,251.0,0.498,0.256,0.06,0.192,0.246,0.498,372.0,0.034,0.104,0.118,0.256
6,4,46,229.0,0.542,0.292,0.068,0.246,0.228,0.542,354.0,0.046,0.128,0.118,0.292
6,4,48,240.0,0.52,0.27,0.05,0.232,0.238,0.52,365.0,0.03,0.112,0.128,0.27
6,6,2,152.0,0.696,0.048,0.0,0.048,0.648,0.696,476.0,0.0,0.0,0.048,0.048
6,6,4,131.0,0.738,0.1,0.006,0.192,0.54,0.738,450.0,0.0,0.018,0.082,0.1
6,6,6,123.0,0.754,0.148,0.024,0.232,0.498,0.754,426.0,0.0,0.034,0.114,0.148
6,6,8,143.0,0.714,0.114,0.02,0.256,0.438,0.714,443.0,0.002,0.03,0.082,0.114
6,6,10,149.0,0.702,0.182,0.026,0.258,0.418,0.702,409.0,0.002,0.058,0.122,0.182
6,6,12,167.0,0.666,0.174,0.034,0.262,0.37,0.666,413.0,0.002,0.064,0.108,0.174
6,6,14,172.0,0.656,0.16,0.024,0.266,0.366,0.656,420.0,0.006,0.054,0.1,0.16
6,6,16,168.0,0.664,0.194,0.032,0.242,0.39,0.664,403.0,0.008,0.06,0.126,0.194
6,6,18,167.0,0.666,0.196,0.03,0.264,0.372,0.666,402.0,0.008,0.064,0.124,0.196
6,6,20,178.0,0.644,0.204,0.044,0.262,0.338,0.644,398.0,0.02,0.088,0.096,0.204
6,6,22,170.0,0.66,0.236,0.026,0.278,0.356,0.66,382.0,0.004,0.086,0.146,0.236
6,6,24,180.0,0.64,0.248,0.04,0.262,0.338,0.64,376.0,0.022,0.104,0.122,0.248
6,6,26,162.0,0.676,0.268,0.028,0.272,0.376,0.676,366.0,0.008,0.104,0.156,0.268
6,6,28,164.0,0.672,0.246,0.03,0.218,0.424,0.672,377.0,0.012,0.08,0.154,0.246
6,6,30,159.0,0.682,0.29,0.034,0.264,0.384,0.682,355.0,0.02,0.11,0.16,0.29
6,6,32,162.0,0.676,0.268,0.038,0.262,0.376,0.676,366.0,0.02,0.108,0.14,0.268
6,6,34,176.0,0.648,0.238,0.036,0.262,0.35,0.648,381.0,0.018,0.104,0.116,0.238
6,6,36,143.0,0.714,0.306,0.046,0.258,0.41,0.714,347.0,0.022,0.12,0.164,0.306
6,6,38,161.0,0.678,0.3,0.03,0.276,0.372,0.678,350.0,0.008,0.116,0.176,0.3
6,6,40,163.0,0.674,0.28,0.058,0.26,0.356,0.674,360.0,0.032,0.096,0.152,0.28
6,6,42,194.0,0.612,0.272,0.058,0.246,0.308,0.612,364.0,0.024,0.122,0.126,0.272
6,6,44,169.0,0.662,0.292,0.036,0.25,0.376,0.662,354.0,0.018,0.12,0.154,0.292
6,6,46,158.0,0.684,0.328,0.07,0.244,0.37,0.684,336.0,0.042,0.132,0.154,0.328
6,6,48,168.0,0.664,0.322,0.04,0.274,0.35,0.664,339.0,0.026,0.132,0.164,0.322
6,6,50,158.0,0.684,0.32,0.046,0.25,0.388,0.684,340.0,0.026,0.122,0.172,0.32
6,6,52,176.0,0.648,0.322,0.05,0.28,0.318,0.648,339.0,0.036,0.128,0.158,0.322
6,6,54,182.0,0.636,0.324,0.062,0.234,0.34,0.636,338.0,0.038,0.116,0.17,0.324
6,6,56,158.0,0.684,0.336,0.072,0.242,0.37,0.684,332.0,0.048,0.134,0.154,0.336
6,6,58,154.0,0.692,0.352,0.07,0.23,0.392,0.692,324.0,0.04,0.124,0.188,0.352
6,6,60,170.0,0.66,0.336,0.064,0.248,0.348,0.66,332.0,0.05,0.116,0.17,0.336
6,6,62,165.0,0.67,0.36,0.084,0.248,0.338,0.67,320.0,0.05,0.14,0.17,0.36
6,6,64,177.0,0.646,0.318,0.07,0.25,0.326,0.646,341.0,0.038,0.14,0.14,0.318
6,6,66,167.0,0.666,0.354,0.09,0.27,0.306,0.666,323.0,0.064,0.146,0.144,0.354
6,6,68,167.0,0.666,0.338,0.082,0.282,0.302,0.666,331.0,0.044,0.158,0.136,0.338
6,6,70,180.0,0.64,0.332,0.048,0.258,0.334,0.64,334.0,0.036,0.134,0.162,0.332
6,6,72,184.0,0.632,0.34,0.078,0.292,0.262,0.632,330.0,0.054,0.164,0.122,0.34
6,8,2,162.0,0.676,0.028,0.0,0.05,0.626,0.676,486.0,0.0,0.0,0.028,0.028
6,8,4,122.0,0.756,0.058,0.016,0.166,0.574,0.756,471.0,0.002,0.006,0.05,0.058
6,8,6,124.0,0.752,0.128,0.026,0.23,0.496,0.752,436.0,0.004,0.03,0.094,0.128
6,8,8,120.0,0.76,0.142,0.03,0.29,0.44,0.76,429.0,0.0,0.036,0.106,0.142
6,8,10,145.0,0.71,0.108,0.022,0.284,0.404,0.71,446.0,0.0,0.044,0.064,0.108
6,8,12,162.0,0.676,0.168,0.05,0.254,0.372,0.676,416.0,0.008,0.064,0.096,0.168
6,8,14,159.0,0.682,0.172,0.034,0.278,0.37,0.682,414.0,0.006,0.066,0.1,0.172
6,8,16,178.0,0.644,0.146,0.032,0.232,0.38,0.644,427.0,0.008,0.038,0.1,0.146
6,8,18,172.0,0.656,0.182,0.036,0.272,0.348,0.656,409.0,0.006,0.066,0.11,0.182
6,8,20,171.0,0.658,0.198,0.038,0.26,0.36,0.658,401.0,0.02,0.068,0.11,0.198
6,8,22,165.0,0.67,0.202,0.032,0.256,0.382,0.67,399.0,0.006,0.078,0.118,0.202
6,8,24,184.0,0.632,0.206,0.016,0.26,0.356,0.632,397.0,0.004,0.078,0.124,0.206
6,8,26,179.0,0.642,0.18,0.022,0.248,0.372,0.642,410.0,0.004,0.078,0.098,0.18
6,8,28,169.0,0.662,0.242,0.034,0.258,0.37,0.662,379.0,0.016,0.098,0.128,0.242
6,8,30,160.0,0.68,0.272,0.058,0.232,0.39,0.68,364.0,0.022,0.104,0.146,0.272
6,8,32,158.0,0.684,0.228,0.022,0.244,0.418,0.684,386.0,0.006,0.084,0.138,0.228
6,8,34,181.0,0.638,0.226,0.026,0.256,0.356,0.638,387.0,0.008,0.086,0.132,0.226
6,8,36,176.0,0.648,0.242,0.03,0.232,0.386,0.648,379.0,0.012,0.088,0.142,0.242
6,8,38,171.0,0.658,0.248,0.022,0.232,0.404,0.658,376.0,0.018,0.078,0.152,0.248
6,8,40,164.0,0.672,0.276,0.044,0.222,0.406,0.672,362.0,0.018,0.1,0.158,0.276
6,8,42,172.0,0.656,0.242,0.034,0.232,0.39,0.656,379.0,0.012,0.092,0.138,0.242
6,8,44,144.0,0.712,0.298,0.044,0.262,0.406,0.712,351.0,0.016,0.118,0.164,0.298
6,8,46,154.0,0.692,0.268,0.038,0.254,0.4,0.692,366.0,0.014,0.112,0.142,0.268
6,8,48,162.0,0.676,0.282,0.032,0.24,0.404,0.676,359.0,0.018,0.108,0.156,0.282
6,8,50,175.0,0.65,0.276,0.022,0.244,0.384,0.65,362.0,0.012,0.1,0.164,0.276
6,8,52,165.0,0.67,0.298,0.028,0.242,0.4,0.67,351.0,0.016,0.104,0.178,0.298
6,8,54,127.0,0.746,0.302,0.048,0.288,0.41,0.746,349.0,0.02,0.124,0.158,0.302
6,8,56,152.0,0.696,0.32,0.064,0.244,0.388,0.696,340.0,0.032,0.122,0.166,0.32
6,8,58,141.0,0.718,0.342,0.05,0.272,0.396,0.718,329.0,0.036,0.132,0.174,0.342
6,8,60,126.0,0.748,0.354,0.038,0.264,0.446,0.748,323.0,0.028,0.126,0.2,0.354
6,8,62,145.0,0.71,0.36,0.04,0.238,0.432,0.71,320.0,0.04,0.13,0.19,0.36
6,8,64,148.0,0.704,0.322,0.058,0.288,0.358,0.704,339.0,0.034,0.14,0.148,0.322
6,8,66,138.0,0.724,0.358,0.052,0.276,0.396,0.724,321.0,0.03,0.126,0.202,0.358
6,8,68,142.0,0.716,0.348,0.05,0.304,0.362,0.716,326.0,0.04,0.144,0.164,0.348
6,8,70,138.0,0.724,0.328,0.05,0.306,0.368,0.724,336.0,0.034,0.132,0.162,0.328
6,8,72,126.0,0.748,0.376,0.054,0.296,0.398,0.748,312.0,0.036,0.162,0.178,0.376
6,8,74,129.0,0.742,0.384,0.08,0.272,0.39,0.742,308.0,0.06,0.14,0.184,0.384
6,8,76,122.0,0.756,0.392,0.076,0.272,0.408,0.756,304.0,0.058,0.132,0.202,0.392
6,8,78,154.0,0.692,0.338,0.072,0.264,0.356,0.692,331.0,0.034,0.154,0.15,0.338
6,8,80,127.0,0.746,0.382,0.062,0.306,0.378,0.746,309.0,0.054,0.148,0.18,0.382
6,8,82,132.0,0.736,0.424,0.086,0.294,0.356,0.736,288.0,0.07,0.178,0.176,0.424
6,8,84,118.0,0.764,0.422,0.068,0.318,0.378,0.764,289.0,0.048,0.188,0.186,0.422
6,8,86,132.0,0.736,0.408,0.072,0.306,0.358,0.736,296.0,0.06,0.168,0.18,0.408
6,8,88,162.0,0.676,0.35,0.068,0.266,0.342,0.676,325.0,0.056,0.142,0.152,0.35
6,8,90,144.0,0.712,0.382,0.094,0.284,0.334,0.712,309.0,0.068,0.162,0.152,0.382
6,8,92,135.0,0.73,0.4,0.078,0.298,0.354,0.73,300.0,0.054,0.178,0.168,0.4
6,8,94,146.0,0.708,0.378,0.098,0.248,0.362,0.708,311.0,0.068,0.154,0.156,0.378
6,8,96,118.0,0.764,0.408,0.092,0.308,0.364,0.764,296.0,0.07,0.196,0.142,0.408
6,10,2,189.0,0.622,0.022,0.0,0.038,0.584,0.622,489.0,0.0,0.0,0.022,0.022
6,10,4,117.0,0.766,0.06,0.006,0.18,0.58,0.766,470.0,0.0,0.01,0.05,0.06
6,10,6,132.0,0.736,0.094,0.016,0.228,0.492,0.736,453.0,0.0,0.026,0.068,0.094
6,10,8,147.0,0.706,0.084,0.016,0.262,0.428,0.706,458.0,0.0,0.028,0.056,0.084
6,10,10,138.0,0.724,0.11,0.034,0.33,0.36,0.724,445.0,0.002,0.038,0.07,0.11
6,10,12,183.0,0.634,0.13,0.04,0.252,0.342,0.634,435.0,0.008,0.038,0.084,0.13
6,10,14,186.0,0.628,0.15,0.016,0.272,0.34,0.628,425.0,0.0,0.06,0.09,0.15
6,10,16,178.0,0.644,0.138,0.04,0.262,0.342,0.644,431.0,0.004,0.058,0.076,0.138
6,10,18,196.0,0.608,0.152,0.018,0.272,0.318,0.608,424.0,0.002,0.058,0.092,0.152
6,10,20,178.0,0.644,0.178,0.032,0.234,0.378,0.644,411.0,0.012,0.062,0.104,0.178
6,10,22,188.0,0.624,0.18,0.032,0.27,0.322,0.624,410.0,0.012,0.058,0.11,0.18
6,10,24,184.0,0.632,0.17,0.022,0.226,0.384,0.632,415.0,0.006,0.066,0.098,0.17
6,10,26,201.0,0.598,0.19,0.034,0.212,0.352,0.598,405.0,0.016,0.06,0.114,0.19
6,10,28,177.0,0.646,0.172,0.024,0.212,0.41,0.646,414.0,0.006,0.054,0.112,0.172
6,10,30,181.0,0.638,0.208,0.018,0.22,0.4,0.638,396.0,0.01,0.078,0.12,0.208
6,10,32,186.0,0.628,0.198,0.022,0.236,0.37,0.628,401.0,0.004,0.07,0.124,0.198
6,10,34,186.0,0.628,0.236,0.016,0.218,0.394,0.628,382.0,0.01,0.076,0.15,0.236
6,10,36,183.0,0.634,0.198,0.028,0.24,0.366,0.634,401.0,0.004,0.086,0.108,0.198
6,10,38,189.0,0.622,0.224,0.02,0.226,0.376,0.622,388.0,0.016,0.074,0.134,0.224
6,10,40,176.0,0.648,0.234,0.022,0.23,0.396,0.648,383.0,0.012,0.088,0.134,0.234
6,10,42,179.0,0.642,0.232,0.018,0.238,0.386,0.642,384.0,0.008,0.074,0.15,0.232
6,10,44,174.0,0.652,0.256,0.028,0.23,0.394,0.652,372.0,0.006,0.092,0.158,0.256
6,10,46,160.0,0.68,0.28,0.024,0.214,0.442,0.68,360.0,0.016,0.094,0.17,0.28
6,10,48,144.0,0.712,0.308,0.038,0.232,0.442,0.712,346.0,0.03,0.098,0.18,0.308
6,10,50,153.0,0.694,0.298,0.018,0.222,0.454,0.694,351.0,0.01,0.104,0.184,0.298
6,10,52,150.0,0.7,0.306,0.034,0.25,0.416,0.7,347.0,0.022,0.114,0.17,0.306
6,10,54,143.0,0.714,0.302,0.03,0.23,0.454,0.714,349.0,0.014,0.108,0.18,0.302
6,10,56,140.0,0.72,0.32,0.026,0.222,0.472,0.72,340.0,0.018,0.108,0.194,0.32
6,10,58,151.0,0.698,0.314,0.036,0.206,0.456,0.698,343.0,0.028,0.092,0.194,0.314
6,10,60,144.0,0.712,0.326,0.038,0.248,0.426,0.712,337.0,0.02,0.118,0.188,0.326
6,10,62,139.0,0.722,0.33,0.04,0.24,0.442,0.722,335.0,0.024,0.11,0.196,0.33
6,10,64,127.0,0.746,0.346,0.032,0.254,0.46,0.746,327.0,0.026,0.112,0.208,0.346
6,10,66,147.0,0.706,0.302,0.028,0.252,0.426,0.706,349.0,0.012,0.116,0.174,0.302
6,10,68,122.0,0.756,0.396,0.05,0.28,0.426,0.756,302.0,0.03,0.16,0.206,0.396
6,10,70,121.0,0.758,0.39,0.042,0.274,0.442,0.758,305.0,0.038,0.15,0.202,0.39
6,10,72,118.0,0.764,0.382,0.046,0.254,0.464,0.764,309.0,0.03,0.14,0.212,0.382
6,10,74,135.0,0.73,0.39,0.034,0.24,0.456,0.73,305.0,0.022,0.142,0.226,0.39
6,10,76,113.0,0.774,0.398,0.054,0.28,0.44,0.774,301.0,0.04,0.138,0.22,0.398
6,10,78,127.0,0.746,0.356,0.032,0.252,0.462,0.746,322.0,0.028,0.138,0.19,0.356
6,10,80,109.0,0.782,0.41,0.064,0.282,0.436,0.782,295.0,0.04,0.16,0.21,0.41
6,10,82,128.0,0.744,0.398,0.062,0.264,0.418,0.744,301.0,0.05,0.134,0.214,0.398
6,10,84,124.0,0.752,0.386,0.054,0.296,0.402,0.752,307.0,0.032,0.15,0.204,0.386
6,10,86,127.0,0.746,0.398,0.048,0.274,0.424,0.746,301.0,0.04,0.138,0.22,0.398
6,10,88,113.0,0.774,0.416,0.066,0.258,0.45,0.774,292.0,0.032,0.172,0.212,0.416
6,10,90,108.0,0.784,0.444,0.06,0.324,0.4,0.784,278.0,0.038,0.194,0.212,0.444
6,10,92,119.0,0.762,0.394,0.056,0.256,0.45,0.762,303.0,0.036,0.162,0.196,0.394
6,10,94,131.0,0.738,0.41,0.072,0.29,0.376,0.738,295.0,0.048,0.162,0.2,0.41
6,10,96,101.0,0.798,0.41,0.064,0.31,0.424,0.798,295.0,0.05,0.178,0.182,0.41
6,10,98,108.0,0.784,0.44,0.068,0.324,0.392,0.784,280.0,0.046,0.202,0.192,0.44
6,10,100,117.0,0.766,0.458,0.052,0.338,0.376,0.766,271.0,0.048,0.204,0.206,0.458
6,10,102,108.0,0.784,0.408,0.066,0.314,0.404,0.784,296.0,0.044,0.17,0.194,0.408
6,10,104,108.0,0.784,0.462,0.06,0.332,0.392,0.784,269.0,0.04,0.234,0.188,0.462
6,10,106,113.0,0.774,0.462,0.074,0.324,0.376,0.774,269.0,0.072,0.202,0.188,0.462
6,10,108,101.0,0.798,0.438,0.09,0.316,0.392,0.798,281.0,0.072,0.174,0.192,0.438
6,10,110,103.0,0.794,0.454,0.08,0.32,0.394,0.794,273.0,0.07,0.192,0.192,0.454
6,10,112,101.0,0.798,0.448,0.08,0.33,0.388,0.798,276.0,0.068,0.21,0.17,0.448
6,10,114,105.0,0.79,0.452,0.122,0.328,0.34,0.79,274.0,0.086,0.204,0.162,0.452
6,10,116,104.0,0.792,0.49,0.078,0.296,0.418,0.792,255.0,0.076,0.192,0.222,0.49
6,10,118,111.0,0.778,0.48,0.112,0.29,0.376,0.778,260.0,0.086,0.196,0.198,0.48
6,10,120,98.0,0.804,0.466,0.076,0.292,0.436,0.804,267.0,0.066,0.184,0.216,0.466
8,2,2,197.0,0.606,0.128,0.0,0.072,0.534,0.606,436.0,0.0,0.0,0.128,0.128
8,2,4,189.0,0.622,0.238,0.016,0.192,0.414,0.622,381.0,0.004,0.058,0.176,0.238
8,2,6,221.0,0.558,0.226,0.03,0.2,0.328,0.558,387.0,0.014,0.062,0.15,0.226
8,2,8,223.0,0.554,0.214,0.04,0.2,0.314,0.554,393.0,0.008,0.08,0.126,0.214
8,2,10,224.0,0.552,0.23,0.042,0.194,0.316,0.552,385.0,0.016,0.062,0.152,0.23
8,2,12,273.0,0.454,0.2,0.026,0.142,0.286,0.454,400.0,0.018,0.052,0.13,0.2
8,2,14,259.0,0.482,0.236,0.036,0.202,0.244,0.482,382.0,0.026,0.092,0.118,0.236
8,2,16,254.0,0.492,0.236,0.034,0.204,0.254,0.492,382.0,0.016,0.096,0.124,0.236
8,2,18,276.0,0.448,0.238,0.028,0.174,0.246,0.448,381.0,0.01,0.09,0.138,0.238
8,2,20,280.0,0.44,0.242,0.05,0.188,0.202,0.44,379.0,0.042,0.1,0.1,0.242
8,2,22,295.0,0.41,0.222,0.054,0.164,0.192,0.41,389.0,0.024,0.082,0.116,0.222
8,2,24,300.0,0.4,0.22,0.044,0.158,0.198,0.4,390.0,0.032,0.098,0.09,0.22
8,2,26,296.0,0.408,0.212,0.054,0.162,0.192,0.408,394.0,0.026,0.088,0.098,0.212
8,2,28,308.0,0.384,0.204,0.054,0.166,0.164,0.384,398.0,0.036,0.094,0.074,0.204
8,2,30,332.0,0.336,0.172,0.038,0.148,0.15,0.336,414.0,0.028,0.078,0.066,0.172
8,2,32,318.0,0.364,0.196,0.056,0.142,0.166,0.364,402.0,0.034,0.068,0.094,0.196
8,4,2,173.0,0.654,0.042,0.0,0.068,0.586,0.654,479.0,0.0,0.0,0.042,0.042
8,4,4,143.0,0.714,0.116,0.008,0.204,0.502,0.714,442.0,0.0,0.018,0.098,0.116
8,4,6,171.0,0.658,0.162,0.024,0.208,0.426,0.658,419.0,0.004,0.034,0.124,0.162
8,4,8,155.0,0.69,0.184,0.03,0.256,0.404,0.69,408.0,0.002,0.058,0.124,0.184
8,4,10,189.0,0.622,0.184,0.026,0.23,0.366,0.622,408.0,0.008,0.062,0.114,0.184
8,4,12,180.0,0.64,0.222,0.032,0.244,0.364,0.64,389.0,0.006,0.074,0.142,0.222
8,4,14,174.0,0.652,0.242,0.066,0.28,0.306,0.652,379.0,0.02,0.088,0.134,0.242
8,4,16,184.0,0.632,0.222,0.06,0.238,0.334,0.632,389.0,0.024,0.054,0.144,0.222
8,4,18,190.0,0.62,0.228,0.056,0.246,0.318,0.62,386.0,0.014,0.094,0.12,0.228
8,4,20,196.0,0.608,0.204,0.038,0.24,0.33,0.608,398.0,0.01,0.078,0.116,0.204
8,4,22,196.0,0.608,0.228,0.042,0.234,0.332,0.608,386.0,0.006,0.09,0.132,0.228
8,4,24,172.0,0.656,0.28,0.05,0.274,0.332,0.656,360.0,0.026,0.09,0.164,0.28
8,4,26,203.0,0.594,0.246,0.046,0.264,0.284,0.594,377.0,0.028,0.106,0.112,0.246
8,4,28,203.0,0.594,0.26,0.052,0.242,0.3,0.594,370.0,0.03,0.098,0.132,0.26
8,4,30,186.0,0.628,0.26,0.05,0.252,0.326,0.628,370.0,0.024,0.102,0.134,0.26
8,4,32,205.0,0.59,0.264,0.036,0.238,0.316,0.59,368.0,0.014,0.104,0.146,0.264
8,4,34,220.0,0.56,0.234,0.036,0.252,0.272,0.56,383.0,0.022,0.104,0.108,0.234
8,4,36,220.0,0.56,0.214,0.042,0.228,0.29,0.56,393.0,0.012,0.09,0.112,0.214
8,4,38,211.0,0.578,0.27,0.05,0.248,0.28,0.578,365.0,0.018,0.13,0.122,0.27
8,4,40,204.0,0.592,0.276,0.068,0.222,0.302,0.592,362.0,0.044,0.088,0.144,0.276
8,4,42,196.0,0.608,0.282,0.066,0.258,0.284,0.608,359.0,0.03,0.13,0.122,0.282
8,4,44,217.0,0.566,0.268,0.05,0.228,0.288,0.566,366.0,0.032,0.106,0.13,0.268
8,4,46,225.0,0.55,0.274,0.064,0.244,0.242,0.55,363.0,0.036,0.116,0.122,0.274
8,4,48,233.0,0.534,0.274,0.058,0.224,0.252,0.534,363.0,0.042,0.108,0.124,0.274
8,4,50,212.0,0.576,0.286,0.066,0.242,0.268,0.576,357.0,0.04,0.118,0.128,0.286
8,4,52,228.0,0.544,0.288,0.07,0.216,0.258,0.544,356.0,0.046,0.126,0.116,0.288
8,4,54,237.0,0.526,0.252,0.064,0.24,0.222,0.526,374.0,0.032,0.124,0.096,0.252
8,4,56,222.0,0.556,0.274,0.066,0.228,0.262,0.556,363.0,0.032,0.128,0.114,0.274
8,4,58,251.0,0.498,0.248,0.062,0.202,0.234,0.498,376.0,0.036,0.106,0.106,0.248
8,4,60,243.0,0.514,0.264,0.048,0.198,0.268,0.514,368.0,0.026,0.102,0.136,0.264
8,4,62,245.0,0.51,0.296,0.06,0.198,0.252,0.51,352.0,0.036,0.126,0.134,0.296
8,4,64,230.0,0.54,0.288,0.078,0.228,0.234,0.54,356.0,0.038,0.126,0.124,0.288
8,6,2,185.0,0.63,0.048,0.0,0.058,0.572,0.63,476.0,0.0,0.0,0.048,0.048
8,6,4,152.0,0.696,0.064,0.012,0.16,0.524,0.696,468.0,0.0,0.006,0.058,0.064
8,6,6,143.0,0.714,0.114,0.03,0.246,0.438,0.714,443.0,0.002,0.024,0.088,0.114
8,6,8,151.0,0.698,0.116,0.026,0.25,0.422,0.698,442.0,0.002,0.032,0.082,0.116
8,6,10,163.0,0.674,0.182,0.028,0.262,0.384,0.674,409.0,0.0,0.052,0.13,0.182
8,6,12,183.0,0.634,0.146,0.034,0.28,0.32,0.634,427.0,0.002,0.058,0.086,0.146
8,6,14,179.0,0.642,0.206,0.024,0.268,0.35,0.642,397.0,0.008,0.086,0.112,0.206
8,6,16,187.0,0.626,0.18,0.048,0.238,0.34,0.626,410.0,0.012,0.07,0.098,0.18
8,6,18,187.0,0.626,0.182,0.042,0.256,0.328,0.626,409.0,0.004,0.064,0.114,0.182
8,6,20,191.0,0.618,0.222,0.042,0.258,0.318,0.618,389.0,0.01,0.09,0.122,0.222
8,6,22,167.0,0.666,0.252,0.054,0.26,0.352,0.666,374.0,0.018,0.102,0.132,0.252
8,6,24,186.0,0.628,0.2,0.026,0.244,0.358,0.628,400.0,0.006,0.072,0.122,0.2
8,6,26,184.0,0.632,0.234,0.05,0.286,0.296,0.632,383.0,0.022,0.104,0.108,0.234
8,6,28,187.0,0.626,0.222,0.062,0.224,0.34,0.626,389.0,0.012,0.072,0.138,0.222
8,6,30,189.0,0.622,0.25,0.032,0.24,0.35,0.622,375.0,0.016,0.08,0.154,0.25
8,6,32,179.0,0.642,0.232,0.03,0.222,0.39,0.642,384.0,0.016,0.072,0.144,0.232
8,6,34,185.0,0.63,0.248,0.044,0.238,0.348,0.63,376.0,0.016,0.086,0.146,0.248
8,6,36,184.0,0.632,0.286,0.042,0.264,0.326,0.632,357.0,0.016,0.112,0.158,0.286
8,6,38,182.0,0.636,0.28,0.058,0.244,0.334,0.636,360.0,0.024,0.1,0.156,0.28
8,6,40,174.0,0.652,0.282,0.048,0.248,0.356,0.652,359.0,0.02,0.116,0.146,0.282
8,6,42,174.0,0.652,0.224,0.054,0.236,0.362,0.652,388.0,0.026,0.082,0.116,0.224
8,6,44,181.0,0.638,0.24,0.042,0.258,0.338,0.638,380.0,0.018,0.092,0.13,0.24
8,6,46,160.0,0.68,0.306,0.05,0.282,0.348,0.68,347.0,0.028,0.118,0.16,0.306
8,6,48,177.0,0.646,0.268,0.026,0.244,0.376,0.646,366.0,0.016,0.116,0.136,0.268
8,6,50,181.0,0.638,0.304,0.042,0.244,0.352,0.638,348.0,0.018,0.114,0.172,0.304
8,6,52,193.0,0.614,0.276,0.042,0.222,0.35,0.614,362.0,0.024,0.092,0.16,0.276
8,6,54,168.0,0.664,0.29,0.044,0.248,0.372,0.664,355.0,0.018,0.114,0.158,0.29
8,6,56,168.0,0.664,0.294,0.044,0.264,0.356,0.664,353.0,0.026,0.13,0.138,0.294
8,6,58,173.0,0.654,0.278,0.05,0.3,0.304,0.654,361.0,0.016,0.144,0.118,0.278
8,6,60,167.0,0.666,0.342,0.052,0.296,0.318,0.666,329.0,0.028,0.15,0.164,0.342
8,6,62,183.0,0.634,0.28,0.052,0.244,0.338,0.634,360.0,0.03,0.096,0.154,0.28
8,6,64,172.0,0.656,0.318,0.072,0.268,0.316,0.656,341.0,0.046,0.154,0.118,0.318
8,6,66,168.0,0.664,0.304,0.056,0.272,0.336,0.664,348.0,0.026,0.122,0.156,0.304
8,6,68,168.0,0.664,0.306,0.062,0.24,0.362,0.664,347.0,0.036,0.11,0.16,0.306
8,6,70,181.0,0.638,0.312,0.074,0.244,0.32,0.638,344.0,0.032,0.132,0.148,0.312
8,6,72,167.0,0.666,0.34,0.044,0.292,0.33,0.666,330.0,0.034,0.15,0.156,0.34
8,6,74,176.0,0.648,0.342,0.064,0.258,0.326,0.648,329.0,0.05,0.142,0.15,0.342
8,6,76,168.0,0.664,0.332,0.064,0.254,0.346,0.664,334.0,0.038,0.128,0.166,0.332
8,6,78,168.0,0.664,0.302,0.092,0.272,0.3,0.664,349.0,0.04,0.132,0.13,0.302
8,6,80,169.0,0.662,0.374,0.07,0.276,0.316,0.662,313.0,0.046,0.158,0.17,0.374
8,6,82,193.0,0.614,0.306,0.056,0.284,0.274,0.614,347.0,0.032,0.154,0.12,0.306
8,6,84,189.0,0.622,0.344,0.078,0.292,0.252,0.622,328.0,0.036,0.172,0.136,0.344
8,6,86,167.0,0.666,0.364,0.062,0.298,0.306,0.666,318.0,0.048,0.166,0.15,0.364
8,6,88,173.0,0.654,0.316,0.1,0.274,0.28,0.654,342.0,0.054,0.138,0.124,0.316
8,6,90,177.0,0.646,0.358,0.088,0.298,0.26,0.646,321.0,0.068,0.166,0.124,0.358
8,6,92,211.0,0.578,0.348,0.06,0.27,0.248,0.578,326.0,0.046,0.164,0.138,0.348
8,6,94,172.0,0.656,0.36,0.07,0.282,0.304,0.656,320.0,0.05,0.156,0.154,0.36
8,6,96,189.0,0.622,0.358,0.09,0.244,0.288,0.622,321.0,0.064,0.136,0.158,0.358
8,8,2,154.0,0.692,0.036,0.0,0.06,0.632,0.692,482.0,0.0,0.0,0.036,0.036
8,8,4,122.0,0.756,0.068,0.002,0.202,0.552,0.756,466.0,0.0,0.014,0.054,0.068
8,8,6,128.0,0.744,0.106,0.022,0.28,0.442,0.744,447.0,0.0,0.03,0.076,0.106
8,8,8,160.0,0.68,0.108,0.028,0.272,0.38,0.68,446.0,0.0,0.034,0.074,0.108
8,8,10,160.0,0.68,0.13,0.044,0.21,0.426,0.68,435.0,0.008,0.028,0.094,0.13
8,8,12,197.0,0.606,0.152,0.036,0.22,0.35,0.606,424.0,0.004,0.052,0.096,0.152
8,8,14,193.0,0.614,0.128,0.05,0.264,0.3,0.614,436.0,0.008,0.064,0.056,0.128
8,8,16,152.0,0.696,0.16,0.02,0.314,0.362,0.696,420.0,0.006,0.056,0.098,0.16
8,8,18,191.0,0.618,0.162,0.05,0.224,0.344,0.618,419.0,0.008,0.044,0.11,0.162
8,8,20,198.0,0.604,0.164,0.062,0.27,0.272,0.604,418.0,0.006,0.072,0.086,0.164
8,8,22,191.0,0.618,0.168,0.052,0.26,0.306,0.618,416.0,0.02,0.052,0.096,0.168
8,8,24,210.0,0.58,0.162,0.04,0.214,0.326,0.58,419.0,0.014,0.066,0.082,0.162
8,8,26,188.0,0.624,0.208,0.04,0.24,0.344,0.624,396.0,0.014,0.066,0.128,0.208
8,8,28,199.0,0.602,0.206,0.026,0.25,0.326,0.602,397.0,0.006,0.076,0.124,0.206
8,8,30,193.0,0.614,0.202,0.044,0.25,0.32,0.614,399.0,0.016,0.076,0.11,0.202
8,8,32,203.0,0.594,0.204,0.042,0.24,0.312,0.594,398.0,0.014,0.086,0.104,0.204
8,8,34,191.0,0.618,0.202,0.036,0.234,0.348,0.618,399.0,0.014,0.076,0.112,0.202
8,8,36,197.0,0.606,0.242,0.04,0.212,0.354,0.606,379.0,0.008,0.086,0.148,0.242
8,8,38,201.0,0.598,0.238,0.018,0.236,0.344,0.598,381.0,0.01,0.086,0.142,0.238
8,8,40,181.0,0.638,0.268,0.038,0.256,0.344,0.638,366.0,0.018,0.106,0.144,0.268
8,8,42,179.0,0.642,0.234,0.054,0.184,0.404,0.642,383.0,0.026,0.068,0.14,0.234
8,8,44,185.0,0.63,0.238,0.046,0.23,0.354,0.63,381.0,0.02,0.082,0.136,0.238
8,8,46,192.0,0.616,0.254,0.036,0.222,0.358,0.616,373.0,0.02,0.088,0.146,0.254
8,8,48,191.0,0.618,0.248,0.034,0.248,0.336,0.618,376.0,0.014,0.104,0.13,0.248
8,8,50,166.0,0.668,0.266,0.036,0.216,0.416,0.668,367.0,0.012,0.096,0.158,0.266
8,8,52,171.0,0.658,0.25,0.038,0.252,0.368,0.658,375.0,0.008,0.09,0.152,0.25
8,8,54,169.0,0.662,0.238,0.046,0.23,0.386,0.662,381.0,0.022,0.094,0.122,0.238
8,8,56,173.0,0.654,0.292,0.042,0.222,0.39,0.654,354.0,0.012,0.112,0.168,0.292
8,8,58,176.0,0.648,0.278,0.046,0.22,0.382,0.648,361.0,0.026,0.102,0.15,0.278
8,8,60,182.0,0.636,0.276,0.044,0.26,0.332,0.636,362.0,0.026,0.124,0.126,0.276
8,8,62,152.0,0.696,0.36,0.038,0.248,0.41,0.696,320.0,0.014,0.144,0.202,0.36
8,8,64,162.0,0.676,0.302,0.036,0.244,0.396,0.676,349.0,0.024,0.114,0.164,0.302
8,8,66,174.0,0.652,0.294,0.036,0.212,0.404,0.652,353.0,0.016,0.112,0.166,0.294
8,8,68,155.0,0.69,0.322,0.054,0.274,0.362,0.69,339.0,0.022,0.134,0.166,0.322
8,8,70,153.0,0.694,0.328,0.04,0.276,0.378,0.694,336.0,0.018,0.126,0.184,0.328
8,8,72,157.0,0.686,0.356,0.04,0.264,0.382,0.686,322.0,0.036,0.12,0.2,0.356
8,8,74,150.0,0.7,0.302,0.04,0.254,0.406,0.7,349.0,0.02,0.118,0.164,0.302
8,8,76,159.0,0.682,0.346,0.06,0.23,0.392,0.682,327.0,0.038,0.104,0.204,0.346
8,8,78,170.0,0.66,0.324,0.04,0.26,0.36,0.66,338.0,0.024,0.124,0.176,0.324
8,8,80,157.0,0.686,0.326,0.054,0.266,0.366,0.686,337.0,0.026,0.148,0.152,0.326
8,8,82,151.0,0.698,0.338,0.052,0.292,0.354,0.698,331.0,0.038,0.144,0.156,0.338
8,8,84,154.0,0.692,0.314,0.07,0.234,0.388,0.692,343.0,0.042,0.108,0.164,0.314
8,8,86,155.0,0.69,0.316,0.04,0.27,0.38,0.69,342.0,0.034,0.108,0.174,0.316
8,8,88,154.0,0.692,0.322,0.058,0.264,0.37,0.692,339.0,0.034,0.132,0.156,0.322
8,8,90,139.0,0.722,0.366,0.078,0.258,0.386,0.722,317.0,0.052,0.154,0.16,0.366
8,8,92,144.0,0.712,0.35,0.056,0.28,0.376,0.712,325.0,0.044,0.144,0.162,0.35
8,8,94,131.0,0.738,0.388,0.066,0.296,0.376,0.738,306.0,0.048,0.168,0.172,0.388
8,8,96,142.0,0.716,0.356,0.08,0.3,0.336,0.716,322.0,0.046,0.162,0.148,0.356
8,8,98,137.0,0.726,0.38,0.062,0.3,0.364,0.726,310.0,0.054,0.166,0.16,0.38
8,8,100,134.0,0.732,0.384,0.084,0.272,0.376,0.732,308.0,0.048,0.152,0.184,0.384
8,8,102,147.0,0.706,0.368,0.078,0.274,0.354,0.706,316.0,0.046,0.152,0.17,0.368
8,8,104,141.0,0.718,0.404,0.076,0.3,0.342,0.718,298.0,0.048,0.208,0.148,0.404
8,8,106,145.0,0.71,0.368,0.092,0.262,0.356,0.71,316.0,0.052,0.14,0.176,0.368
8,8,108,151.0,0.698,0.372,0.08,0.294,0.324,0.698,314.0,0.058,0.158,0.156,0.372
8,8,110,133.0,0.734,0.402,0.058,0.3,0.376,0.734,299.0,0.034,0.172,0.196,0.402
8,8,112,135.0,0.73,0.398,0.07,0.292,0.368,0.73,301.0,0.06,0.156,0.182,0.398
8,8,114,147.0,0.706,0.412,0.094,0.296,0.316,0.706,294.0,0.06,0.196,0.156,0.412
8,8,116,143.0,0.714,0.388,0.1,0.29,0.324,0.714,306.0,0.062,0.164,0.162,0.388
8,8,118,155.0,0.69,0.374,0.08,0.322,0.288,0.69,313.0,0.06,0.18,0.134,0.374
8,8,120,129.0,0.742,0.432,0.086,0.306,0.35,0.742,284.0,0.072,0.184,0.176,0.432
8,8,122,150.0,0.7,0.442,0.094,0.336,0.27,0.7,279.0,0.082,0.21,0.15,0.442
8,8,124,144.0,0.712,0.404,0.104,0.314,0.294,0.712,298.0,0.066,0.18,0.158,0.404
8,8,126,152.0,0.696,0.412,0.07,0.32,0.306,0.696,294.0,0.068,0.188,0.156,0.412
8,8,128,144.0,0.712,0.412,0.096,0.27,0.346,0.712,294.0,0.064,0.164,0.184,0.412
8,10,2,158.0,0.684,0.016,0.0,0.076,0.608,0.684,492.0,0.0,0.0,0.016,0.016
8,10,4,106.0,0.788,0.05,0.008,0.226,0.554,0.788,475.0,0.0,0.008,0.042,0.05
8,10,6,129.0,0.742,0.078,0.012,0.244,0.486,0.742,461.0,0.0,0.02,0.058,0.078
8,10,8,166.0,0.668,0.1,0.028,0.262,0.378,0.668,450.0,0.004,0.026,0.07,0.1
8,10,10,158.0,0.684,0.106,0.046,0.266,0.372,0.684,447.0,0.006,0.036,0.064,0.106
8,10,12,178.0,0.644,0.128,0.034,0.254,0.356,0.644,436.0,0.006,0.034,0.088,0.128
8,10,14,194.0,0.612,0.136,0.056,0.236,0.32,0.612,432.0,0.004,0.052,0.08,0.136
8,10,16,212.0,0.576,0.15,0.048,0.226,0.302,0.576,425.0,0.014,0.044,0.092,0.15
8,10,18,203.0,0.594,0.138,0.034,0.23,0.33,0.594,431.0,0.006,0.056,0.076,0.138
8,10,20,215.0,0.57,0.18,0.036,0.224,0.31,0.57,410.0,0.01,0.064,0.106,0.18
8,10,22,204.0,0.592,0.17,0.032,0.228,0.332,0.592,415.0,0.006,0.066,0.098,0.17
8,10,24,222.0,0.556,0.152,0.04,0.21,0.306,0.556,424.0,0.008,0.068,0.076,0.152
8,10,26,206.0,0.588,0.168,0.042,0.26,0.286,0.588,416.0,0.01,0.086,0.072,0.168
8,10,28,213.0,0.574,0.166,0.032,0.2,0.342,0.574,417.0,0.004,0.064,0.098,0.166
8,10,30,200.0,0.6,0.182,0.028,0.234,0.338,0.6,409.0,0.006,0.064,0.112,0.182
8,10,32,203.0,0.594,0.204,0.038,0.22,0.336,0.594,398.0,0.01,0.068,0.126,0.204
8,10,34,195.0,0.61,0.21,0.04,0.236,0.334,0.61,395.0,0.01,0.084,0.116,0.21
8,10,36,203.0,0.594,0.212,0.022,0.236,0.336,0.594,394.0,0.002,0.074,0.136,0.212
8,10,38,181.0,0.638,0.204,0.03,0.25,0.358,0.638,398.0,0.012,0.096,0.096,0.204
8,10,40,213.0,0.574,0.184,0.038,0.17,0.366,0.574,408.0,0.012,0.066,0.106,0.184
8,10,42,212.0,0.576,0.212,0.03,0.21,0.336,0.576,394.0,0.006,0.082,0.124,0.212
8,10,44,202.0,0.596,0.228,0.034,0.22,0.342,0.596,386.0,0.012,0.086,0.13,0.228
8,10,46,197.0,0.606,0.194,0.028,0.2,0.378,0.606,403.0,0.014,0.058,0.122,0.194
8,10,48,191.0,0.618,0.24,0.03,0.21,0.378,0.618,380.0,0.012,0.094,0.134,0.24
8,10,50,211.0,0.578,0.216,0.03,0.19,0.358,0.578,392.0,0.012,0.08,0.124,0.216
8,10,52,199.0,0.602,0.234,0.022,0.196,0.384,0.602,383.0,0.016,0.096,0.122,0.234
8,10,54,179.0,0.642,0.238,0.044,0.18,0.418,0.642,381.0,0.022,0.068,0.148,0.238
8,10,56,181.0,0.638,0.244,0.022,0.23,0.386,0.638,378.0,0.01,0.094,0.14,0.244
8,10,58,174.0,0.652,0.244,0.028,0.21,0.414,0.652,378.0,0.012,0.072,0.16,0.244
8,10,60,175.0,0.65,0.286,0.028,0.226,0.396,0.65,357.0,0.018,0.104,0.164,0.286
8,10,62,163.0,0.674,0.282,0.03,0.23,0.414,0.674,359.0,0.008,0.098,0.176,0.282
8,10,64,169.0,0.662,0.282,0.032,0.194,0.436,0.662,359.0,0.014,0.108,0.16,0.282
8,10,66,172.0,0.656,0.268,0.028,0.24,0.388,0.656,366.0,0.018,0.088,0.162,0.268
8,10,68,156.0,0.688,0.278,0.044,0.242,0.402,0.688,361.0,0.02,0.104,0.154,0.278
8,10,70,161.0,0.678,0.296,0.036,0.222,0.42,0.678,352.0,0.014,0.098,0.184,0.296
8,10,72,168.0,0.664,0.32,0.014,0.28,0.37,0.664,340.0,0.006,0.134,0.18,0.32
8,10,74,171.0,0.658,0.272,0.05,0.25,0.358,0.658,364.0,0.02,0.094,0.158,0.272
8,10,76,139.0,0.722,0.334,0.058,0.242,0.422,0.722,333.0,0.036,0.112,0.186,0.334
8,10,78,165.0,0.67,0.308,0.022,0.236,0.412,0.67,346.0,0.022,0.106,0.18,0.308
8,10,80,155.0,0.69,0.302,0.046,0.22,0.424,0.69,349.0,0.028,0.11,0.164,0.302
8,10,82,141.0,0.718,0.348,0.052,0.24,0.426,0.718,326.0,0.024,0.128,0.196,0.348
8,10,84,145.0,0.71,0.32,0.034,0.244,0.432,0.71,340.0,0.022,0.122,0.176,0.32
8,10,86,130.0,0.74,0.358,0.042,0.272,0.426,0.74,321.0,0.024,0.122,0.212,0.358
8,10,88,176.0,0.648,0.318,0.03,0.222,0.396,0.648,341.0,0.022,0.108,0.188,0.318
8,10,90,147.0,0.706,0.328,0.042,0.21,0.454,0.706,336.0,0.026,0.11,0.192,0.328
8,10,92,151.0,0.698,0.326,0.04,0.262,0.396,0.698,337.0,0.022,0.116,0.188,0.326
8,10,94,141.0,0.718,0.336,0.042,0.294,0.382,0.718,332.0,0.028,0.14,0.168,0.336
8,10,96,144.0,0.712,0.344,0.048,0.27,0.394,0.712,328.0,0.022,0.146,0.176,0.344
8,10,98,128.0,0.744,0.37,0.046,0.27,0.428,0.744,315.0,0.02,0.15,0.2,0.37
8,10,100,131.0,0.738,0.356,0.042,0.284,0.412,0.738,322.0,0.026,0.152,0.178,0.356
8,10,102,136.0,0.728,0.346,0.054,0.268,0.406,0.728,327.0,0.024,0.126,0.196,0.346
8,10,104,119.0,0.762,0.414,0.054,0.244,0.464,0.762,293.0,0.03,0.156,0.228,0.414
8,10,106,136.0,0.728,0.41,0.054,0.288,0.386,0.728,295.0,0.034,0.162,0.214,0.41
8,10,108,131.0,0.738,0.408,0.062,0.3,0.376,0.738,296.0,0.038,0.172,0.198,0.408
8,10,110,126.0,0.748,0.41,0.064,0.268,0.416,0.748,295.0,0.044,0.148,0.218,0.41
8,10,112,121.0,0.758,0.4,0.072,0.282,0.404,0.758,300.0,0.046,0.184,0.17,0.4
8,10,114,117.0,0.766,0.418,0.056,0.316,0.394,0.766,291.0,0.042,0.194,0.182,0.418
8,10,116,144.0,0.712,0.384,0.044,0.284,0.384,0.712,308.0,0.05,0.152,0.182,0.384
8,10,118,133.0,0.734,0.39,0.068,0.278,0.388,0.734,305.0,0.058,0.166,0.166,0.39
8,10,120,120.0,0.76,0.406,0.066,0.312,0.382,0.76,297.0,0.038,0.166,0.202,0.406
8,10,122,131.0,0.738,0.388,0.08,0.284,0.374,0.738,306.0,0.058,0.156,0.174,0.388
8,10,124,126.0,0.748,0.432,0.076,0.306,0.366,0.748,284.0,0.08,0.148,0.204,0.432
8,10,126,118.0,0.764,0.438,0.102,0.292,0.37,0.764,281.0,0.066,0.172,0.2,0.438
8,10,128,110.0,0.78,0.408,0.07,0.296,0.414,0.78,296.0,0.052,0.166,0.19,0.408
8,10,130,114.0,0.772,0.456,0.05,0.298,0.424,0.772,272.0,0.048,0.182,0.226,0.456
8,10,132,105.0,0.79,0.428,0.08,0.322,0.388,0.79,286.0,0.062,0.184,0.182,0.428
8,10,134,117.0,0.766,0.404,0.056,0.336,0.374,0.766,298.0,0.036,0.158,0.21,0.404
8,10,136,112.0,0.776,0.452,0.078,0.328,0.37,0.776,274.0,0.08,0.204,0.168,0.452
8,10,138,127.0,0.746,0.412,0.076,0.316,0.354,0.746,294.0,0.054,0.194,0.164,0.412
8,10,140,106.0,0.788,0.43,0.068,0.342,0.378,0.788,285.0,0.06,0.202,0.168,0.43
8,10,142,115.0,0.77,0.458,0.088,0.272,0.41,0.77,271.0,0.074,0.176,0.208,0.458
8,10,144,97.0,0.806,0.474,0.112,0.304,0.39,0.806,263.0,0.082,0.196,0.196,0.474
8,10,146,109.0,0.782,0.476,0.088,0.354,0.34,0.782,262.0,0.056,0.236,0.184,0.476
8,10,148,100.0,0.8,0.486,0.112,0.306,0.382,0.8,257.0,0.078,0.196,0.212,0.486
8,10,150,120.0,0.76,0.47,0.094,0.328,0.338,0.76,265.0,0.08,0.21,0.18,0.47
8,10,152,102.0,0.796,0.474,0.1,0.338,0.358,0.796,263.0,0.072,0.204,0.198,0.474
8,10,154,116.0,0.768,0.44,0.096,0.302,0.37,0.768,280.0,0.062,0.192,0.186,0.44
8,10,156,101.0,0.798,0.494,0.086,0.356,0.356,0.798,253.0,0.074,0.242,0.178,0.494
8,10,158,119.0,0.762,0.436,0.088,0.296,0.378,0.762,282.0,0.06,0.192,0.184,0.436
8,10,160,105.0,0.79,0.416,0.09,0.316,0.384,0.79,292.0,0.068,0.196,0.152,0.416
10,2,2,221.0,0.558,0.124,0.0,0.064,0.494,0.558,438.0,0.0,0.0,0.124,0.124
10,2,4,201.0,0.598,0.176,0.014,0.166,0.418,0.598,412.0,0.002,0.03,0.144,0.176
10,2,6,209.0,0.582,0.206,0.01,0.206,0.366,0.582,397.0,0.0,0.036,0.17,0.206
10,2,8,225.0,0.55,0.254,0.022,0.192,0.336,0.55,373.0,0.01,0.072,0.172,0.254
10,2,10,241.0,0.518,0.196,0.018,0.194,0.306,0.518,402.0,0.004,0.068,0.124,0.196
10,2,12,253.0,0.494,0.232,0.042,0.2,0.252,0.494,384.0,0.014,0.1,0.118,0.232
10,2,14,266.0,0.468,0.214,0.034,0.188,0.246,0.468,393.0,0.014,0.102,0.098,0.214
10,2,16,269.0,0.462,0.24,0.04,0.208,0.214,0.462,380.0,0.022,0.1,0.118,0.24
10,2,18,281.0,0.438,0.216,0.028,0.168,0.242,0.438,392.0,0.016,0.076,0.124,0.216
10,2,20,264.0,0.472,0.258,0.062,0.178,0.232,0.472,371.0,0.032,0.096,0.13,0.258
10,2,22,290.0,0.42,0.206,0.05,0.158,0.212,0.42,397.0,0.02,0.084,0.102,0.206
10,2,24,277.0,0.446,0.236,0.042,0.178,0.226,0.446,382.0,0.024,0.09,0.122,0.236
10,2,26,284.0,0.432,0.228,0.044,0.198,0.19,0.432,386.0,0.026,0.102,0.1,0.228
10,2,28,310.0,0.38,0.216,0.052,0.16,0.168,0.38,392.0,0.038,0.09,0.088,0.216
10,2,30,307.0,0.386,0.2,0.058,0.144,0.184,0.386,400.0,0.042,0.074,0.084,0.2
10,2,32,326.0,0.348,0.16,0.036,0.148,0.164,0.348,420.0,0.024,0.068,0.068,0.16
10,2,34,314.0,0.372,0.216,0.062,0.148,0.162,0.372,392.0,0.04,0.088,0.088,0.216
10,2,36,298.0,0.404,0.216,0.058,0.194,0.152,0.404,392.0,0.038,0.104,0.074,0.216
10,2,38,321.0,0.358,0.212,0.06,0.146,0.152,0.358,394.0,0.034,0.092,0.086,0.212
10,2,40,340.0,0.32,0.17,0.038,0.154,0.128,0.32,415.0,0.016,0.092,0.062,0.17
10,4,2,174.0,0.652,0.066,0.0,0.078,0.574,0.652,467.0,0.0,0.0,0.066,0.066
10,4,4,160.0,0.68,0.078,0.014,0.19,0.476,0.68,461.0,0.0,0.014,0.064,0.078
10,4,6,158.0,0.684,0.136,0.024,0.264,0.396,0.684,432.0,0.008,0.04,0.088,0.136
10,4,8,167.0,0.666,0.176,0.036,0.254,0.376,0.666,412.0,0.004,0.076,0.096,0.176
10,4,10,177.0,0.646,0.204,0.042,0.234,0.37,0.646,398.0,0.012,0.062,0.13,0.204
10,4,12,178.0,0.644,0.2,0.046,0.268,0.33,0.644,400.0,0.01,0.072,0.118,0.2
10,4,14,182.0,0.636,0.212,0.034,0.302,0.3,0.636,394.0,0.008,0.08,0.124,0.212
10,4,16,176.0,0.648,0.236,0.04,0.258,0.35,0.648,382.0,0.01,0.102,0.124,0.236
10,4,18,200.0,0.6,0.232,0.042,0.226,0.332,0.6,384.0,0.01,0.072,0.15,0.232
10,4,20,204.0,0.592,0.2,0.07,0.22,0.302,0.592,400.0,0.014,0.062,0.124,0.2
10,4,22,199.0,0.602,0.228,0.05,0.26,0.292,0.602,386.0,0.012,0.09,0.126,0.228
10,4,24,209.0,0.582,0.246,0.06,0.232,0.29,0.582,377.0,0.022,0.088,0.136,0.246
10,4,26,205.0,0.59,0.23,0.054,0.248,0.288,0.59,385.0,0.022,0.108,0.1,0.23
10,4,28,227.0,0.546,0.212,0.052,0.248,0.246,0.546,394.0,0.02,0.096,0.096,0.212
10,4,30,217.0,0.566,0.218,0.032,0.258,0.276,0.566,391.0,0.01,0.098,0.11,0.218
10,4,32,222.0,0.556,0.218,0.052,0.246,0.258,0.556,391.0,0.014,0.092,0.112,0.218
10,4,34,207.0,0.586,0.276,0.032,0.228,0.326,0.586,362.0,0.018,0.108,0.15,0.276
10,4,36,223.0,0.554,0.266,0.074,0.238,0.242,0.554,367.0,0.03,0.12,0.116,0.266
10,4,38,223.0,0.554,0.27,0.048,0.252,0.254,0.554,365.0,0.026,0.12,0.124,0.27
10,4,40,223.0,0.554,0.262,0.032,0.23,0.292,0.554,369.0,0.012,0.118,0.132,0.262
10,4,42,230.0,0.54,0.256,0.036,0.228,0.276,0.54,372.0,0.022,0.106,0.128,0.256
10,4,44,213.0,0.574,0.266,0.052,0.248,0.274,0.574,367.0,0.026,0.114,0.126,0.266
10,4,46,197.0,0.606,0.268,0.064,0.264,0.278,0.606,366.0,0.024,0.11,0.134,0.268
10,4,48,204.0,0.592,0.302,0.052,0.28,0.26,0.592,349.0,0.03,0.132,0.14,0.302
10,4,50,231.0,0.538,0.246,0.046,0.242,0.25,0.538,377.0,0.022,0.11,0.114,0.246
10,4,52,215.0,0.57,0.272,0.068,0.228,0.274,0.57,364.0,0.042,0.11,0.12,0.272
10,4,54,198.0,0.604,0.286,0.064,0.232,0.308,0.604,357.0,0.036,0.112,0.138,0.286
10,4,56,206.0,0.588,0.288,0.058,0.266,0.264,0.588,356.0,0.036,0.122,0.13,0.288
10,4,58,227.0,0.546,0.264,0.058,0.236,0.252,0.546,368.0,0.034,0.094,0.136,0.264
10,4,60,209.0,0.582,0.254,0.046,0.256,0.28,0.582,373.0,0.028,0.12,0.106,0.254
10,4,62,231.0,0.538,0.282,0.066,0.234,0.238,0.538,359.0,0.034,0.132,0.116,0.282
10,4,64,225.0,0.55,0.284,0.06,0.236,0.254,0.55,358.0,0.042,0.112,0.13,0.284
10,4,66,224.0,0.552,0.296,0.066,0.238,0.248,0.552,352.0,0.038,0.124,0.134,0.296
10,4,68,224.0,0.552,0.268,0.068,0.244,0.24,0.552,366.0,0.042,0.114,0.112,0.268
10,4,70,240.0,0.52,0.266,0.05,0.246,0.224,0.52,367.0,0.032,0.128,0.106,0.266
10,4,72,217.0,0.566,0.29,0.072,0.262,0.232,0.566,355.0,0.048,0.146,0.096,0.29
10,4,74,252.0,0.496,0.268,0.066,0.222,0.208,0.496,366.0,0.054,0.108,0.106,0.268
10,4,76,240.0,0.52,0.282,0.06,0.26,0.2,0.52,359.0,0.046,0.13,0.106,0.282
10,4,78,215.0,0.57,0.312,0.1,0.234,0.236,0.57,344.0,0.068,0.116,0.128,0.312
10,4,80,260.0,0.48,0.264,0.074,0.216,0.19,0.48,368.0,0.038,0.128,0.098,0.264
10,6,2,180.0,0.64,0.04,0.0,0.052,0.588,0.64,480.0,0.0,0.0,0.04,0.04
10,6,4,125.0,0.75,0.084,0.012,0.214,0.524,0.75,458.0,0.0,0.016,0.068,0.084
10,6,6,133.0,0.734,0.144,0.02,0.23,0.484,0.734,428.0,0.002,0.03,0.112,0.144
10,6,8,160.0,0.68,0.132,0.034,0.274,0.372,0.68,434.0,0.002,0.04,0.09,0.132
10,6,10,172.0,0.656,0.154,0.048,0.244,0.364,0.656,423.0,0.01,0.05,0.094,0.154
10,6,12,165.0,0.67,0.19,0.054,0.286,0.33,0.67,405.0,0.008,0.07,0.112,0.19
10,6,14,179.0,0.642,0.16,0.046,0.264,0.332,0.642,420.0,0.014,0.048,0.098,0.16
10,6,16,170.0,0.66,0.192,0.062,0.278,0.32,0.66,404.0,0.014,0.088,0.09,0.192
10,6,18,203.0,0.594,0.16,0.054,0.26,0.28,0.594,420.0,0.014,0.072,0.074,0.16
10,6,20,192.0,0.616,0.21,0.05,0.272,0.294,0.616,395.0,0.018,0.074,0.118,0.21
10,6,22,215.0,0.57,0.176,0.04,0.228,0.302,0.57,412.0,0.008,0.07,0.098,0.176
10,6,24,195.0,0.61,0.216,0.05,0.264,0.296,0.61,392.0,0.018,0.1,0.098,0.216
10,6,26,204.0,0.592,0.206,0.042,0.246,0.304,0.592,397.0,0.016,0.086,0.104,0.206
10,6,28,199.0,0.602,0.234,0.058,0.24,0.304,0.602,383.0,0.016,0.098,0.12,0.234
10,6,30,198.0,0.604,0.198,0.042,0.222,0.34,0.604,401.0,0.016,0.068,0.114,0.198
10,6,32,212.0,0.576,0.214,0.04,0.25,0.286,0.576,393.0,0.018,0.07,0.126,0.214
10,6,34,202.0,0.596,0.192,0.044,0.238,0.314,0.596,404.0,0.012,0.078,0.102,0.192
10,6,36,196.0,0.608,0.25,0.058,0.236,0.314,0.608,375.0,0.022,0.092,0.136,0.25
10,6,38,193.0,0.614,0.232,0.036,0.228,0.35,0.614,384.0,0.014,0.096,0.122,0.232
10,6,40,192.0,0.616,0.254,0.04,0.224,0.352,0.616,373.0,0.014,0.094,0.146,0.254
10,6,42,190.0,0.62,0.222,0.034,0.246,0.34,0.62,389.0,0.006,0.086,0.13,0.222
10,6,44,203.0,0.594,0.238,0.046,0.236,0.312,0.594,381.0,0.02,0.082,0.136,0.238
10,6,46,189.0,0.622,0.274,0.03,0.252,0.34,0.622,363.0,0.012,0.114,0.148,0.274
10,6,48,176.0,0.648,0.254,0.044,0.258,0.346,0.648,373.0,0.014,0.098,0.142,0.254
10,6,50,187.0,0.626,0.24,0.044,0.262,0.32,0.626,380.0,0.02,0.096,0.124,0.24
10,6,52,194.0,0.612,0.272,0.048,0.206,0.358,0.612,364.0,0.022,0.078,0.172,0.272
10,6,54,196.0,0.608,0.276,0.076,0.232,0.3,0.608,362.0,0.022,0.124,0.13,0.276
10,6,56,173.0,0.654,0.298,0.05,0.266,0.338,0.654,351.0,0.024,0.112,0.162,0.298
10,6,58,187.0,0.626,0.268,0.036,0.262,0.328,0.626,366.0,0.02,0.11,0.138,0.268
10,6,60,178.0,0.644,0.314,0.038,0.256,0.35,0.644,343.0,0.028,0.126,0.16,0.314
10,6,62,179.0,0.642,0.29,0.058,0.248,0.336,0.642,355.0,0.032,0.118,0.14,0.29
10,6,64,190.0,0.62,0.27,0.048,0.24,0.332,0.62,365.0,0.016,0.11,0.144,0.27
10,6,66,206.0,0.588,0.268,0.036,0.248,0.304,0.588,366.0,0.01,0.126,0.132,0.268
10,6,68,188.0,0.624,0.272,0.056,0.262,0.306,0.624,364.0,0.036,0.114,0.122,0.272
10,6,70,171.0,0.658,0.288,0.054,0.266,0.338,0.658,356.0,0.03,0.106,0.152,0.288
10,6,72,181.0,0.638,0.274,0.07,0.27,0.298,0.638,363.0,0.04,0.108,0.126,0.274
10,6,74,179.0,0.642,0.284,0.054,0.282,0.306,0.642,358.0,0.028,0.126,0.13,0.284
10,6,76,158.0,0.684,0.336,0.056,0.28,0.348,0.684,332.0,0.042,0.134,0.16,0.336
10,6,78,191.0,0.618,0.292,0.056,0.224,0.338,0.618,354.0,0.032,0.116,0.144,0.292
10,6,80,195.0,0.61,0.27,0.058,0.264,0.288,0.61,365.0,0.038,0.104,0.128,0.27
10,6,82,193.0,0.614,0.272,0.066,0.228,0.32,0.614,364.0,0.036,0.108,0.128,0.272
10,6,84,185.0,0.63,0.284,0.074,0.264,0.292,0.63,358.0,0.042,0.114,0.128,0.284
10,6,86,172.0,0.656,0.326,0.052,0.308,0.296,0.656,337.0,0.032,0.174,0.12,0.326
10,6,88,164.0,0.672,0.326,0.058,0.296,0.318,0.672,337.0,0.04,0.142,0.144,0.326
10,6,90,172.0,0.656,0.304,0.056,0.266,0.334,0.656,348.0,0.028,0.132,0.144,0.304
10,6,92,158.0,0.684,0.338,0.082,0.296,0.306,0.684,331.0,0.044,0.162,0.132,0.338
10,6,94,170.0,0.66,0.32,0.05,0.306,0.304,0.66,340.0,0.03,0.138,0.152,0.32
10,6,96,179.0,0.642,0.302,0.052,0.288,0.302,0.642,349.0,0.03,0.124,0.148,0.302
10,6,98,176.0,0.648,0.356,0.074,0.278,0.296,0.648,322.0,0.066,0.138,0.152,0.356
10,6,100,182.0,0.636,0.338,0.066,0.276,0.294,0.636,331.0,0.046,0.152,0.14,0.338
10,6,102,166.0,0.668,0.356,0.062,0.292,0.314,0.668,322.0,0.04,0.158,0.158,0.356
10,6,104,177.0,0.646,0.346,0.078,0.276,0.292,0.646,327.0,0.044,0.16,0.142,0.346
10,6,106,208.0,0.584,0.302,0.066,0.258,0.26,0.584,349.0,0.042,0.148,0.112,0.302
10,6,108,188.0,0.624,0.316,0.072,0.25,0.302,0.624,342.0,0.046,0.138,0.132,0.316
10,6,110,201.0,0.598,0.318,0.068,0.258,0.272,0.598,341.0,0.046,0.148,0.124,0.318
10,6,112,198.0,0.604,0.31,0.092,0.284,0.228,0.604,345.0,0.064,0.134,0.112,0.31
10,6,114,200.0,0.6,0.298,0.08,0.224,0.296,0.6,351.0,0.038,0.128,0.132,0.298
10,6,116,191.0,0.618,0.312,0.096,0.288,0.234,0.618,344.0,0.062,0.142,0.108,0.312
10,6,118,187.0,0.626,0.324,0.098,0.282,0.246,0.626,338.0,0.066,0.148,0.11,0.324
10,6,120,179.0,0.642,0.324,0.08,0.32,0.242,0.642,338.0,0.052,0.152,0.12,0.324
10,8,2,181.0,0.638,0.032,0.0,0.036,0.602,0.638,484.0,0.0,0.0,0.032,0.032
10,8,4,141.0,0.718,0.052,0.012,0.182,0.524,0.718,474.0,0.0,0.0,0.052,0.052
10,8,6,162.0,0.676,0.094,0.024,0.224,0.428,0.676,453.0,0.002,0.03,0.062,0.094
10,8,8,157.0,0.686,0.102,0.046,0.274,0.366,0.686,449.0,0.004,0.036,0.062,0.102
10,8,10,157.0,0.686,0.138,0.048,0.296,0.342,0.686,431.0,0.004,0.07,0.064,0.138
10,8,12,183.0,0.634,0.124,0.042,0.284,0.308,0.634,438.0,0.008,0.06,0.056,0.124
10,8,14,209.0,0.582,0.132,0.054,0.252,0.276,0.582,434.0,0.01,0.05,0.072,0.132
10,8,16,200.0,0.6,0.15,0.046,0.28,0.274,0.6,425.0,0.006,0.068,0.076,0.15
10,8,18,202.0,0.596,0.192,0.048,0.256,0.292,0.596,404.0,0.01,0.082,0.1,0.192
10,8,20,203.0,0.594,0.15,0.042,0.248,0.304,0.594,425.0,0.008,0.066,0.076,0.15
10,8,22,201.0,0.598,0.178,0.038,0.276,0.284,0.598,411.0,0.01,0.08,0.088,0.178
10,8,24,218.0,0.564,0.172,0.034,0.246,0.284,0.564,414.0,0.006,0.074,0.092,0.172
10,8,26,215.0,0.57,0.206,0.038,0.248,0.284,0.57,397.0,0.014,0.074,0.118,0.206
10,8,28,217.0,0.566,0.198,0.03,0.256,0.28,0.566,401.0,0.008,0.08,0.11,0.198
10,8,30,221.0,0.558,0.186,0.038,0.21,0.31,0.558,407.0,0.02,0.074,0.092,0.186
10,8,32,217.0,0.566,0.168,0.032,0.244,0.29,0.566,416.0,0.008,0.07,0.09,0.168
10,8,34,210.0,0.58,0.19,0.032,0.24,0.308,0.58,405.0,0.008,0.078,0.104,0.19
10,8,36,210.0,0.58,0.182,0.05,0.218,0.312,0.58,409.0,0.012,0.066,0.104,0.182
10,8,38,215.0,0.57,0.204,0.036,0.238,0.296,0.57,398.0,0.014,0.08,0.11,0.204
10,8,40,209.0,0.582,0.22,0.028,0.23,0.324,0.582,390.0,0.01,0.084,0.126,0.22
10,8,42,189.0,0.622,0.228,0.026,0.256,0.34,0.622,386.0,0.01,0.104,0.114,0.228
10,8,44,193.0,0.614,0.2,0.036,0.27,0.308,0.614,400.0,0.012,0.1,0.088,0.2
10,8,46,222.0,0.556,0.212,0.032,0.226,0.298,0.556,394.0,0.014,0.084,0.114,0.212
10,8,48,203.0,0.594,0.228,0.04,0.24,0.314,0.594,386.0,0.016,0.084,0.128,0.228
10,8,50,195.0,0.61,0.216,0.042,0.214,0.354,0.61,392.0,0.01,0.09,0.116,0.216
10,8,52,210.0,0.58,0.202,0.032,0.248,0.3,0.58,399.0,0.008,0.1,0.094,0.202
10,8,54,176.0,0.648,0.238,0.034,0.248,0.366,0.648,381.0,0.018,0.078,0.142,0.238
10,8,56,186.0,0.628,0.248,0.046,0.232,0.35,0.628,376.0,0.018,0.1,0.13,0.248
10,8,58,193.0,0.614,0.26,0.03,0.232,0.352,0.614,370.0,0.008,0.094,0.158,0.26
10,8,60,198.0,0.604,0.246,0.042,0.238,0.324,0.604,377.0,0.02,0.118,0.108,0.246
10,8,62,193.0,0.614,0.29,0.036,0.23,0.348,0.614,355.0,0.026,0.096,0.168,0.29
10,8,64,195.0,0.61,0.236,0.048,0.214,0.348,0.61,382.0,0.02,0.086,0.13,0.236
10,8,66,211.0,0.578,0.25,0.046,0.234,0.298,0.578,375.0,0.016,0.104,0.13,0.25
10,8,68,151.0,0.698,0.314,0.036,0.294,0.368,0.698,343.0,0.016,0.114,0.184,0.314
10,8,70,184.0,0.632,0.28,0.046,0.25,0.336,0.632,360.0,0.016,0.112,0.152,0.28
10,8,72,178.0,0.644,0.274,0.044,0.262,0.338,0.644,363.0,0.024,0.114,0.136,0.274
10,8,74,154.0,0.692,0.296,0.032,0.248,0.412,0.692,352.0,0.01,0.112,0.174,0.296
10,8,76,181.0,0.638,0.282,0.04,0.256,0.342,0.638,359.0,0.03,0.096,0.156,0.282
10,8,78,176.0,0.648,0.286,0.03,0.238,0.38,0.648,357.0,0.026,0.102,0.158,0.286
10,8,80,158.0,0.684,0.304,0.03,0.294,0.36,0.684,348.0,0.01,0.148,0.146,0.304
10,8,82,172.0,0.656,0.28,0.046,0.228,0.382,0.656,360.0,0.024,0.096,0.16,0.28
10,8,84,175.0,0.65,0.29,0.054,0.218,0.378,0.65,355.0,0.036,0.11,0.144,0.29
10,8,86,165.0,0.67,0.314,0.048,0.238,0.384,0.67,343.0,0.02,0.126,0.168,0.314
10,8,88,156.0,0.688,0.3,0.05,0.26,0.378,0.688,350.0,0.018,0.116,0.166,0.3
10,8,90,158.0,0.684,0.298,0.042,0.272,0.37,0.684,351.0,0.024,0.13,0.144,0.298
10,8,92,173.0,0.654,0.314,0.048,0.268,0.338,0.654,343.0,0.016,0.148,0.15,0.314
10,8,94,150.0,0.7,0.326,0.054,0.23,0.416,0.7,337.0,0.028,0.106,0.192,0.326
10,8,96,145.0,0.71,0.322,0.05,0.244,0.416,0.71,339.0,0.032,0.128,0.162,0.322
10,8,98,155.0,0.69,0.326,0.05,0.304,0.336,0.69,337.0,0.028,0.126,0.172,0.326
10,8,100,163.0,0.674,0.328,0.054,0.288,0.332,0.674,336.0,0.028,0.144,0.156,0.328
10,8,102,154.0,0.692,0.34,0.056,0.276,0.36,0.692,330.0,0.036,0.14,0.164,0.34
10,8,104,154.0,0.692,0.368,0.06,0.254,0.378,0.692,316.0,0.034,0.144,0.19,0.368
10,8,106,131.0,0.738,0.36,0.05,0.304,0.384,0.738,320.0,0.026,0.154,0.18,0.36
10,8,108,151.0,0.698,0.346,0.062,0.292,0.344,0.698,327.0,0.034,0.152,0.16,0.346
10,8,110,152.0,0.696,0.352,0.086,0.29,0.32,0.696,324.0,0.05,0.15,0.152,0.352
10,8,112,135.0,0.73,0.366,0.07,0.304,0.356,0.73,317.0,0.038,0.162,0.166,0.366
10,8,114,151.0,0.698,0.358,0.05,0.306,0.342,0.698,321.0,0.036,0.168,0.154,0.358
10,8,116,145.0,0.71,0.35,0.068,0.294,0.348,0.71,325.0,0.042,0.148,0.16,0.35
10,8,118,149.0,0.702,0.35,0.068,0.278,0.356,0.702,325.0,0.03,0.174,0.146,0.35
10,8,120,154.0,0.692,0.368,0.056,0.278,0.358,0.692,316.0,0.04,0.158,0.17,0.368
10,8,122,146.0,0.708,0.326,0.076,0.322,0.31,0.708,337.0,0.038,0.152,0.136,0.326
10,8,124,130.0,0.74,0.396,0.08,0.318,0.342,0.74,302.0,0.042,0.196,0.158,0.396
10,8,126,160.0,0.68,0.348,0.074,0.276,0.33,0.68,326.0,0.044,0.158,0.146,0.348
10,8,128,125.0,0.75,0.37,0.062,0.302,0.386,0.75,315.0,0.036,0.148,0.186,0.37
10,8,130,150.0,0.7,0.408,0.106,0.264,0.33,0.7,296.0,0.06,0.178,0.17,0.408
10,8,132,135.0,0.73,0.384,0.068,0.328,0.334,0.73,308.0,0.036,0.176,0.172,0.384
10,8,134,143.0,0.714,0.352,0.072,0.3,0.342,0.714,324.0,0.042,0.156,0.154,0.352
10,8,136,132.0,0.736,0.402,0.086,0.308,0.342,0.736,299.0,0.056,0.172,0.174,0.402
10,8,138,129.0,0.742,0.406,0.086,0.328,0.328,0.742,297.0,0.062,0.182,0.162,0.406
10,8,140,163.0,0.674,0.392,0.056,0.26,0.358,0.674,304.0,0.052,0.17,0.17,0.392
10,8,142,140.0,0.72,0.412,0.078,0.318,0.324,0.72,294.0,0.062,0.196,0.154,0.412
10,8,144,135.0,0.73,0.406,0.082,0.308,0.34,0.73,297.0,0.056,0.186,0.164,0.406
10,8,146,143.0,0.714,0.382,0.086,0.308,0.32,0.714,309.0,0.052,0.166,0.164,0.382
10,8,148,159.0,0.682,0.358,0.086,0.286,0.31,0.682,321.0,0.06,0.166,0.132,0.358
10,8,150,144.0,0.712,0.406,0.088,0.324,0.3,0.712,297.0,0.064,0.182,0.16,0.406
10,8,152,166.0,0.668,0.366,0.1,0.268,0.3,0.668,317.0,0.072,0.134,0.16,0.366
10,8,154,157.0,0.686,0.36,0.072,0.3,0.314,0.686,320.0,0.036,0.168,0.156,0.36
10,8,156,142.0,0.716,0.414,0.108,0.298,0.31,0.716,293.0,0.086,0.19,0.138,0.414
10,8,158,152.0,0.696,0.358,0.084,0.318,0.294,0.696,321.0,0.046,0.178,0.134,0.358
10,8,160,151.0,0.698,0.37,0.102,0.334,0.262,0.698,315.0,0.062,0.208,0.1,0.37
10,10,2,170.0,0.66,0.018,0.0,0.05,0.61,0.66,491.0,0.0,0.0,0.018,0.018
10,10,4,118.0,0.764,0.046,0.022,0.206,0.536,0.764,477.0,0.0,0.014,0.032,0.046
10,10,6,149.0,0.702,0.068,0.016,0.256,0.43,0.702,466.0,0.0,0.014,0.054,0.068
10,10,8,150.0,0.7,0.096,0.036,0.324,0.34,0.7,452.0,0.002,0.04,0.054,0.096
10,10,10,157.0,0.686,0.076,0.028,0.272,0.386,0.686,462.0,0.0,0.016,0.06,0.076
10,10,12,181.0,0.638,0.094,0.03,0.276,0.332,0.638,453.0,0.0,0.04,0.054,0.094
10,10,14,187.0,0.626,0.14,0.048,0.274,0.304,0.626,430.0,0.002,0.046,0.092,0.14
10,10,16,211.0,0.578,0.122,0.054,0.252,0.272,0.578,439.0,0.008,0.05,0.064,0.122
10,10,18,215.0,0.57,0.118,0.034,0.266,0.27,0.57,441.0,0.008,0.06,0.05,0.118
10,10,20,220.0,0.56,0.13,0.058,0.228,0.274,0.56,435.0,0.006,0.048,0.076,0.13
10,10,22,214.0,0.572,0.138,0.048,0.218,0.306,0.572,431.0,0.006,0.044,0.088,0.138
10,10,24,216.0,0.568,0.146,0.036,0.26,0.272,0.568,427.0,0.014,0.066,0.066,0.146
10,10,26,230.0,0.54,0.158,0.04,0.254,0.246,0.54,421.0,0.014,0.078,0.066,0.158
10,10,28,220.0,0.56,0.18,0.032,0.232,0.296,0.56,410.0,0.008,0.078,0.094,0.18
10,10,30,225.0,0.55,0.152,0.048,0.212,0.29,0.55,424.0,0.004,0.064,0.084,0.152
10,10,32,244.0,0.512,0.138,0.028,0.18,0.304,0.512,431.0,0.016,0.042,0.08,0.138
10,10,34,234.0,0.532,0.204,0.038,0.214,0.28,0.532,398.0,0.006,0.098,0.1,0.204
10,10,36,209.0,0.582,0.178,0.036,0.216,0.33,0.582,411.0,0.004,0.072,0.102,0.178
10,10,38,229.0,0.542,0.19,0.028,0.216,0.298,0.542,405.0,0.014,0.058,0.118,0.19
10,10,40,209.0,0.582,0.182,0.028,0.222,0.332,0.582,409.0,0.006,0.082,0.094,0.182
10,10,42,216.0,0.568,0.188,0.032,0.204,0.332,0.568,406.0,0.012,0.074,0.102,0.188
10,10,44,211.0,0.578,0.206,0.036,0.218,0.324,0.578,397.0,0.008,0.066,0.132,0.206
10,10,46,209.0,0.582,0.228,0.034,0.226,0.322,0.582,386.0,0.016,0.084,0.128,0.228
10,10,48,226.0,0.548,0.184,0.036,0.216,0.296,0.548,408.0,0.012,0.078,0.094,0.184
10,10,50,228.0,0.544,0.184,0.032,0.214,0.298,0.544,408.0,0.006,0.082,0.096,0.184
10,10,52,211.0,0.578,0.186,0.032,0.204,0.342,0.578,407.0,0.004,0.068,0.114,0.186
10,10,54,215.0,0.57,0.2,0.044,0.212,0.314,0.57,400.0,0.02,0.082,0.098,0.2
10,10,56,194.0,0.612,0.226,0.036,0.214,0.362,0.612,387.0,0.014,0.076,0.136,0.226
10,10,58,209.0,0.582,0.206,0.032,0.24,0.31,0.582,397.0,0.01,0.076,0.12,0.206
10,10,60,180.0,0.64,0.258,0.024,0.238,0.378,0.64,371.0,0.01,0.084,0.164,0.258
10,10,62,208.0,0.584,0.242,0.028,0.214,0.342,0.584,379.0,0.006,0.082,0.154,0.242
10,10,64,191.0,0.618,0.264,0.034,0.222,0.362,0.618,368.0,0.01,0.092,0.162,0.264
10,10,66,172.0,0.656,0.262,0.038,0.228,0.39,0.656,369.0,0.016,0.082,0.164,0.262
10,10,68,165.0,0.67,0.266,0.036,0.23,0.404,0.67,367.0,0.012,0.098,0.156,0.266
10,10,70,192.0,0.616,0.258,0.03,0.224,0.362,0.616,371.0,0.012,0.078,0.168,0.258
10,10,72,191.0,0.618,0.28,0.042,0.218,0.358,0.618,360.0,0.026,0.094,0.16,0.28
10,10,74,181.0,0.638,0.268,0.024,0.236,0.378,0.638,366.0,0.014,0.094,0.16,0.268
10,10,76,168.0,0.664,0.282,0.028,0.268,0.368,0.664,359.0,0.016,0.124,0.142,0.282
10,10,78,186.0,0.628,0.3,0.028,0.222,0.378,0.628,350.0,0.02,0.114,0.166,0.3
10,10,80,162.0,0.676,0.288,0.038,0.188,0.45,0.676,356.0,0.02,0.076,0.192,0.288
10,10,82,185.0,0.63,0.284,0.038,0.244,0.348,0.63,358.0,0.016,0.13,0.138,0.284
10,10,84,154.0,0.692,0.298,0.03,0.208,0.454,0.692,351.0,0.016,0.088,0.194,0.298
10,10,86,165.0,0.67,0.306,0.036,0.238,0.396,0.67,347.0,0.018,0.112,0.176,0.306
10,10,88,161.0,0.678,0.31,0.03,0.27,0.378,0.678,345.0,0.016,0.114,0.18,0.31
10,10,90,152.0,0.696,0.298,0.04,0.22,0.436,0.696,351.0,0.02,0.096,0.182,0.298
10,10,92,180.0,0.64,0.298,0.036,0.22,0.384,0.64,351.0,0.024,0.092,0.182,0.298
10,10,94,158.0,0.684,0.28,0.04,0.26,0.384,0.684,360.0,0.008,0.106,0.166,0.28
10,10,96,149.0,0.702,0.326,0.04,0.24,0.422,0.702,337.0,0.012,0.128,0.186,0.326
10,10,98,157.0,0.686,0.304,0.038,0.26,0.388,0.686,348.0,0.018,0.114,0.172,0.304
10,10,100,159.0,0.682,0.304,0.04,0.23,0.412,0.682,348.0,0.028,0.108,0.168,0.304
10,10,102,141.0,0.718,0.322,0.04,0.288,0.39,0.718,339.0,0.028,0.114,0.18,0.322
10,10,104,145.0,0.71,0.342,0.048,0.282,0.38,0.71,329.0,0.028,0.154,0.16,0.342
10,10,106,156.0,0.688,0.318,0.042,0.266,0.38,0.688,341.0,0.028,0.124,0.166,0.318
10,10,108,130.0,0.74,0.35,0.048,0.26,0.432,0.74,325.0,0.028,0.13,0.192,0.35
10,10,110,147.0,0.706,0.32,0.048,0.276,0.382,0.706,340.0,0.032,0.12,0.168,0.32
10,10,112,139.0,0.722,0.348,0.048,0.254,0.42,0.722,326.0,0.03,0.14,0.178,0.348
10,10,114,157.0,0.686,0.306,0.05,0.252,0.384,0.686,347.0,0.026,0.13,0.15,0.306
10,10,116,156.0,0.688,0.334,0.046,0.254,0.388,0.688,333.0,0.028,0.134,0.172,0.334
10,10,118,165.0,0.67,0.314,0.036,0.262,0.372,0.67,343.0,0.024,0.146,0.144,0.314
10,10,120,139.0,0.722,0.346,0.048,0.306,0.368,0.722,327.0,0.026,0.158,0.162,0.346
10,10,122,137.0,0.726,0.37,0.058,0.302,0.366,0.726,315.0,0.038,0.17,0.162,0.37
10,10,124,142.0,0.716,0.35,0.062,0.248,0.406,0.716,325.0,0.03,0.122,0.198,0.35
10,10,126,134.0,0.732,0.394,0.074,0.278,0.38,0.732,303.0,0.044,0.16,0.19,0.394
10,10,128,132.0,0.736,0.376,0.072,0.266,0.398,0.736,312.0,0.05,0.138,0.188,0.376
10,10,130,131.0,0.738,0.388,0.068,0.272,0.398,0.738,306.0,0.048,0.172,0.168,0.388
10,10,132,113.0,0.774,0.408,0.062,0.3,0.412,0.774,296.0,0.03,0.172,0.206,0.408
10,10,134,115.0,0.77,0.422,0.074,0.304,0.392,0.77,289.0,0.05,0.176,0.196,0.422
10,10,136,137.0,0.726,0.34,0.064,0.264,0.398,0.726,330.0,0.028,0.142,0.17,0.34
10,10,138,123.0,0.754,0.37,0.072,0.276,0.406,0.754,315.0,0.034,0.138,0.198,0.37
10,10,140,117.0,0.766,0.418,0.066,0.312,0.388,0.766,291.0,0.04,0.192,0.186,0.418
10,10,142,122.0,0.756,0.444,0.082,0.306,0.368,0.756,278.0,0.048,0.204,0.192,0.444
10,10,144,107.0,0.786,0.408,0.078,0.308,0.4,0.786,296.0,0.05,0.178,0.18,0.408
10,10,146,131.0,0.738,0.402,0.064,0.31,0.364,0.738,299.0,0.05,0.168,0.184,0.402
10,10,148,132.0,0.736,0.412,0.046,0.31,0.38,0.736,294.0,0.036,0.184,0.192,0.412
10,10,150,122.0,0.756,0.464,0.08,0.276,0.4,0.756,268.0,0.058,0.21,0.196,0.464
10,10,152,128.0,0.744,0.39,0.05,0.302,0.392,0.744,305.0,0.03,0.172,0.188,0.39
10,10,154,104.0,0.792,0.446,0.086,0.314,0.392,0.792,277.0,0.06,0.192,0.194,0.446
10,10,156,102.0,0.796,0.446,0.096,0.322,0.378,0.796,277.0,0.056,0.202,0.188,0.446
10,10,158,128.0,0.744,0.418,0.07,0.294,0.38,0.744,291.0,0.048,0.178,0.192,0.418
10,10,160,119.0,0.762,0.434,0.08,0.316,0.366,0.762,283.0,0.066,0.194,0.174,0.434
10,10,162,116.0,0.768,0.466,0.066,0.322,0.38,0.768,267.0,0.054,0.21,0.202,0.466
10,10,164,110.0,0.78,0.398,0.088,0.302,0.39,0.78,301.0,0.052,0.164,0.182,0.398
10,10,166,111.0,0.778,0.472,0.108,0.284,0.386,0.778,264.0,0.064,0.212,0.196,0.472
10,10,168,128.0,0.744,0.414,0.082,0.274,0.388,0.744,293.0,0.06,0.176,0.178,0.414
10,10,170,128.0,0.744,0.404,0.09,0.302,0.352,0.744,298.0,0.066,0.192,0.146,0.404
10,10,172,118.0,0.764,0.45,0.094,0.32,0.35,0.764,275.0,0.082,0.188,0.18,0.45
10,10,174,123.0,0.754,0.464,0.102,0.296,0.356,0.754,268.0,0.07,0.186,0.208,0.464
10,10,176,128.0,0.744,0.444,0.1,0.29,0.354,0.744,278.0,0.08,0.188,0.176,0.444
10,10,178,119.0,0.762,0.458,0.1,0.322,0.34,0.762,271.0,0.076,0.194,0.188,0.458
10,10,180,118.0,0.764,0.42,0.08,0.298,0.386,0.764,290.0,0.044,0.2,0.176,0.42
10,10,182,122.0,0.756,0.496,0.086,0.322,0.348,0.756,252.0,0.086,0.216,0.194,0.496
10,10,184,103.0,0.794,0.446,0.11,0.302,0.382,0.794,277.0,0.072,0.186,0.188,0.446
10,10,186,103.0,0.794,0.494,0.11,0.338,0.346,0.794,253.0,0.09,0.228,0.176,0.494
10,10,188,111.0,0.778,0.44,0.108,0.348,0.322,0.778,280.0,0.076,0.214,0.15,0.44
10,10,190,106.0,0.788,0.454,0.118,0.306,0.364,0.788,273.0,0.09,0.194,0.17,0.454
10,10,192,113.0,0.774,0.446,0.092,0.35,0.332,0.774,277.0,0.07,0.216,0.16,0.446
10,10,194,140.0,0.72,0.422,0.07,0.34,0.31,0.72,289.0,0.046,0.208,0.168,0.422
10,10,196,106.0,0.788,0.454,0.116,0.32,0.352,0.788,273.0,0.092,0.198,0.164,0.454
10,10,198,113.0,0.774,0.474,0.118,0.35,0.306,0.774,263.0,0.104,0.206,0.164,0.474
10,10,200,118.0,0.764,0.464,0.116,0.338,0.31,0.764,268.0,0.07,0.236,0.158,0.464